codigo,lat,lon,ciudad,pais
AAA,-17.35,-145.51,Anaa,PF
AAC,31.06,33.83,El Arish,EG
AAE,36.83,7.81,Annaba,DZ
AAK,0.19,173.64,Buariki,KI
AAL,57.09,9.85,Aalborg,DK
AAM,-24.8,31.53,Mala Mala,ZA
AAN,24.26,55.61,Al Ain,AE
AAP,-0.37,117.25,Samarinda,ID
AAR,56.3,10.62,Aarhus,DK
AAT,47.75,88.09,Altay,CN
AAX,-19.56,-46.96,Araxá,BR
AAY,16.19,52.17,Al Ghaydah,YE
AAZ,14.87,-91.5,Quezaltenango,GT
ABA,53.74,91.39,Abakan,RU
ABB,6.2,6.67,Asaba,NG
ABC,39.0,-1.86,Albacete,ES
ABD,30.37,48.23,Abadan,IR
ABE,40.65,-75.44,Allentown/Bethlehem,US
ABI,32.41,-99.68,Abilene,US
ABJ,5.26,-3.93,Abidjan,CI
ABK,6.73,44.24,Kebri Dahar,ET
ABL,67.11,-157.86,Ambler,US
ABM,-10.95,142.46,Bamaga,AU
ABQ,35.04,-106.61,Albuquerque,US
ABR,45.45,-98.42,Aberdeen,US
ABS,22.38,31.61,Abu Simbel,EG
ABT,20.3,41.64,Al-Baha,SA
ABU,-9.07,124.9,Atambua,ID
ABV,9.01,7.26,Abuja,NG
ABX,-36.07,146.96,East Albury,AU
ABY,31.53,-84.2,Albany,US
ABZ,57.2,-2.2,Aberdeen,GB
ACA,16.76,-99.75,Acapulco,MX
ACC,5.61,-0.17,Accra,GH
ACE,28.95,-13.61,San Bartolomé,ES
ACF,40.43,81.26,Aral,CN
ACH,47.49,9.56,St. Gallen,CH
ACI,49.71,-2.21,Saint Anne,GG
ACK,41.25,-70.06,Nantucket,US
ACT,31.61,-97.23,Waco,US
ACV,40.98,-124.11,Arcata/Eureka,US
ACX,25.08,104.96,Xingyi,CN
ACY,39.46,-74.58,Atlantic City,US
ADB,38.29,27.16,Gaziemir,TR
ADD,8.98,38.8,Addis Ababa,ET
ADE,12.83,45.03,Aden,YE
ADF,37.73,38.47,Adıyaman,TR
ADJ,31.97,35.99,Amman,JO
ADK,51.88,-176.64,Adak,US
ADL,-34.95,138.53,Adelaide,AU
ADQ,57.75,-152.49,Kodiak,US
ADU,38.33,48.42,Ardabil,IR
ADZ,12.58,-81.71,San Andrés,CO
AEB,23.72,106.96,Baise (Tianyang),CN
AEP,-34.56,-58.42,Buenos Aires,AR
AER,43.45,39.96,Sochi,RU
AES,62.56,6.11,Ålesund,NO
AET,66.55,-152.62,Allakaket,US
AEU,25.88,55.03,Abu Musa,IR
AEX,31.33,-92.55,Alexandria,US
AEY,65.66,-18.07,Akureyri,IS
AFA,-34.59,-68.4,San Rafael,AR
AFL,-9.87,-56.11,Alta Floresta,BR
AFZ,36.17,57.6,Sabzevar,IR
AGA,30.32,-9.41,Agadir (Temsia),MA
AGB,48.37,10.9,Augsburg,DE
AGE,53.78,7.92,Wangerooge,DE
AGF,44.17,0.6,Agen,FR
AGH,56.3,12.85,Ängelholm,SE
AGI,5.84,-56.67,Wageningen,SR
AGJ,26.59,127.24,Aguni,JP
AGM,65.6,-37.68,Tasiilaq,GL
AGP,36.67,-4.5,Málaga,ES
AGR,27.16,77.96,Agra,IN
AGS,33.37,-81.96,Augusta,US
AGT,-25.46,-54.84,Ciudad del Este,PY
AGU,21.7,-102.32,Aguascalientes,MX
AGX,10.82,72.18,Agatti,IN
AHA,22.99,83.2,Ambikapur,IN
AHB,18.24,42.66,Abha,SA
AHE,-14.43,-146.26,Ahe Atoll,PF
AHO,40.63,8.29,Alghero,IT
AHU,35.18,-3.84,Al Hoceima,MA
AIA,42.05,-102.8,Alliance,US
AIN,70.64,-159.99,Wainwright,US
AIP,31.43,75.76,Adampur,IN
AIR,-10.25,-59.38,Aripuana,BR
AIT,-18.83,-159.76,Aitutaki,CK
AIU,-19.97,-158.12,Atiu Island,CK
AJA,41.92,8.8,Ajaccio,FR
AJF,29.78,40.1,Al-Jawf,SA
AJI,39.66,43.03,Ağrı,TR
AJL,23.84,92.62,Aizawl (Lengpui),IN
AJN,-12.13,44.43,Ouani,KM
AJR,65.59,19.28,Arvidsjaur,SE
AJU,-10.98,-37.07,Aracaju,BR
AKA,32.76,108.87,Ankang (Hanbin),CN
AKB,52.22,-174.21,Atka,US
AKF,24.18,23.31,Kufra,LY
AKI,60.9,-161.23,Akiak,US
AKJ,43.67,142.45,Higashikagura,JP
AKK,56.94,-154.18,Akhiok,US
AKL,-37.01,174.79,Auckland,NZ
AKN,58.68,-156.65,King Salmon,US
AKP,68.13,-151.74,Anaktuvuk Pass,US
AKR,7.25,5.3,Akure,NG
AKS,-8.7,160.68,Auki,SB
AKU,41.26,80.29,Aksu (Onsu),CN
AKV,60.82,-78.15,Akulivik,CA
AKX,50.25,57.2,Aktobe,KZ
AKY,20.13,92.87,Sittwe,MM
ALA,43.35,77.04,Almaty,KZ
ALB,42.75,-73.8,Albany,US
ALC,38.28,-0.56,Alicante,ES
ALF,69.98,23.37,Alta,NO
ALG,36.69,3.21,Algiers,DZ
ALH,-34.94,117.81,Albany,AU
ALO,42.56,-92.4,Waterloo,US
ALP,36.18,37.23,Aleppo,SY
ALS,37.43,-105.87,Alamosa,US
ALW,46.09,-118.29,Walla Walla,US
ALY,31.2,29.92,Alexandria,EG
AMA,35.22,-101.71,Amarillo,US
AMD,23.08,72.63,Ahmedabad,IN
AMH,6.04,37.59,Arba Minch,ET
AMM,31.72,35.99,Amman,JO
AMQ,-3.71,128.09,Ambon,ID
AMS,52.31,4.76,Amsterdam,NL
AMV,69.76,61.56,Amderma,RU
ANA,-1.27,34.96,Angama Mara,NG
ANC,61.18,-149.99,Anchorage,US
ANE,47.48,-0.56,Angers,FR
ANF,-23.45,-70.45,Antofagasta,CL
ANI,61.58,-159.54,Aniak,US
ANK,39.93,32.86,Ankara,TR
ANR,51.19,4.46,Antwerp,BE
ANS,-13.71,-73.35,Andahuaylas,PE
ANU,17.14,-61.79,Osbourn,AG
ANV,62.65,-160.19,Anvik,US
ANX,69.3,16.14,Andenes,NO
AOE,39.81,30.52,Eskişehir,TR
AOG,41.11,122.85,Anshan,CN
AOH,40.77,-84.1,Lima,US
AOI,43.62,13.36,Falconara Marittima (AN),IT
AOJ,40.73,140.69,Aomori,JP
AOK,35.42,27.15,Karpathos Island,GR
AOO,40.3,-78.32,Altoona,US
AOR,6.19,100.4,Alor Satar,MY
APF,26.15,-81.78,Naples,US
APK,-15.57,-146.41,Apataki,PF
APL,-15.11,39.28,Nampula,MZ
APN,45.08,-83.56,Alpena,US
APO,7.81,-76.72,Carepa,CO
APW,-13.83,-172.01,Apia,WS
AQA,-21.81,-48.13,Araraquara,BR
AQG,30.58,117.05,Anqing,CN
AQI,28.34,46.13,Qaisumah,SA
AQJ,29.61,35.02,Aqaba,JO
AQP,-16.34,-71.57,Arequipa,PE
ARC,68.11,-145.58,Arctic Village,US
ARD,-8.13,124.6,Kabola,ID
ARH,64.6,40.72,Archangelsk,RU
ARI,-18.35,-70.34,Arica,CL
ARK,-3.37,36.63,Arusha,TZ
ARM,-30.53,151.62,Armidale,AU
ARN,59.65,17.93,Stockholm,SE
ART,43.99,-76.02,Watertown,US
ARU,-21.14,-50.42,Araçatuba,BR
ARW,46.18,21.26,Arad,RO
ARX,-4.56,-37.77,Aracati,BR
ASB,37.99,58.36,Ashgabat,TM
ASD,24.7,-77.8,Andros Town,BS
ASE,39.22,-106.87,Aspen,US
ASF,46.28,48.01,Astrakhan,RU
ASI,-7.97,-14.39,Cat Hill,SH
ASJ,28.43,129.71,Amami,JP
ASM,15.29,38.91,Asmara,ER
ASO,10.02,34.59,Asosa,ET
ASP,-23.81,133.9,Alice Springs,AU
ASR,38.77,35.5,Kayseri,TR
ASU,-25.24,-57.52,Asunción,PY
ASV,-2.64,37.25,Ol Tukai,KE
ASW,23.96,32.82,Aswan,EG
ATA,-9.35,-77.6,Anta,PE
ATC,24.63,-75.67,Arthur's Town,BS
ATH,37.94,23.94,Spata-Artemida,GR
ATK,70.47,-157.44,Atqasuk,US
ATL,33.64,-84.43,Atlanta,US
ATM,-3.25,-52.25,Altamira,BR
ATQ,31.71,74.8,Amritsar,IN
ATT,60.87,-162.27,Atmautluak,US
ATW,44.26,-88.52,Appleton,US
ATY,44.91,-97.15,Watertown,US
ATZ,27.05,31.01,Asyut,EG
AUA,12.5,-70.01,Oranjestad,AW
AUC,7.07,-70.74,Arauca,CO
AUG,44.32,-69.8,Augusta,US
AUH,24.44,54.65,Abu Dhabi,AE
AUK,62.68,-164.72,Alakanuk,US
AUL,8.15,171.17,Aur Atoll,MH
AUQ,-9.77,-139.01,Hiva Oa Island,PF
AUR,44.89,2.42,Aurillac,FR
AUS,30.2,-97.66,Austin,US
AUU,-13.35,141.72,Aurukun,AU
AUW,44.92,-89.62,Wausau,US
AUX,-7.23,-48.24,Araguaína,BR
AVA,26.26,105.87,Anshun (Xixiu),CN
AVK,46.25,102.8,Arvaikheer,MN
AVL,35.44,-82.54,Asheville,US
AVN,43.91,4.9,Avignon,FR
AVP,41.34,-75.72,Wilkes-Barre/Scranton,US
AVR,20.81,77.72,Amravati,IN
AVV,-38.04,144.47,Geelong/Melbourne,AU
AWA,7.1,38.4,Hawassa,ET
AWK,19.28,166.64,Wake Island,UM
AWZ,31.34,48.76,Ahvaz,IR
AXA,18.2,-63.05,The Valley,AI
AXD,40.86,25.96,Alexandroupolis,GR
AXF,38.75,105.58,Bayanhot,CN
AXJ,32.48,130.16,Amakusa,JP
AXL,-19.08,136.67,Alexandria,AU
AXM,4.45,-75.77,Armenia,CO
AXP,22.44,-73.97,Spring Point,BS
AXR,-15.25,-146.62,Arutua Airport,PF
AXT,39.62,140.22,Akita,JP
AXU,14.15,38.77,Axum,ET
AYJ,26.75,82.16,Faizabad,IN
AYK,50.32,66.97,Arkalyk,KZ
AYP,-13.15,-74.2,Ayacucho,PE
AYQ,-25.19,130.98,Yulara,AU
AYT,36.9,30.8,Antalya,TR
AZA,33.31,-111.65,Mesa,US
AZD,31.9,54.28,Yazd,IR
AZN,40.73,72.29,Andijan,UZ
AZO,42.23,-85.55,Kalamazoo,US
AZR,27.84,-0.19,Adrar,DZ
AZS,19.27,-69.74,Samana,DO
BAH,26.27,50.64,Manama,BH
BAK,40.41,49.87,Baku,AZ
BAL,37.93,41.12,Batman,TR
BAQ,10.89,-74.78,Barranquilla,CO
BAR,19.14,110.45,Qionghai (Basuo),CN
BAS,-6.99,155.89,Ballalae,SB
BAV,40.56,110.0,Baotou,CN
BAX,53.36,83.54,Barnaul,RU
BAY,47.66,23.46,Tăuții-Măgherăuș,RO
BAZ,-0.98,-62.92,Barcelos,BR
BBA,-45.92,-71.69,Balmaceda,CL
BBG,3.09,172.81,Butaritari,KI
BBI,20.25,85.81,Bhubaneswar,IN
BBK,-17.83,25.17,Kasane,BW
BBM,13.1,103.22,Battambang,KH
BBN,3.73,115.48,Bario,MY
BBO,10.39,44.94,Berbera,SO
BBQ,17.62,-61.8,Codrington,AG
BBR,16.01,-61.74,Basse-Terre,GP
BBU,44.5,26.1,Bucharest,RO
BCA,20.37,-74.51,Baracoa,CU
BCD,10.78,123.02,Bacolod City,PH
BCH,-8.49,126.4,Baucau,TL
BCI,-23.57,145.3,Barcaldine,AU
BCM,46.52,26.91,Bacău,RO
BCN,41.3,2.08,Barcelona,ES
BCO,5.75,36.56,Jinka,ET
BCU,10.48,9.74,Bauchi,NG
BDA,32.36,-64.68,Hamilton,BM
BDB,-24.91,152.32,Bundaberg,AU
BDD,-10.15,142.17,Badu Island,AU
BDH,26.53,54.82,Bandar Lengeh,IR
BDJ,-3.44,114.76,Banjarbaru,ID
BDL,41.94,-72.69,Hartford,US
BDO,-6.9,107.58,Bandung,ID
BDP,26.57,88.08,Bhadrapur,NP
BDQ,22.34,73.23,Vadodara,IN
BDS,40.66,17.95,Brindisi,IT
BDT,4.25,20.98,Gbadolite,CD
BDU,69.06,18.54,Målselv,NO
BEB,57.48,-7.36,Balivanich,GB
BED,42.47,-71.29,Bedford,US
BEF,11.99,-83.77,Bluefields,NI
BEG,44.82,20.31,Belgrade,RS
BEJ,2.15,117.43,Tanjung Redeb - Borneo Island,ID
BEK,28.42,79.45,Bareilly,IN
BEL,-1.38,-48.48,Belém,BR
BEM,32.4,-6.32,Oulad Yaich,MA
BEN,32.1,20.27,Benina,LY
BER,52.36,13.5,Berlin,DE
BES,48.45,-4.42,Brest,FR
BET,60.78,-161.84,Bethel,US
BEU,-24.35,139.46,Bedourie,AU
BEW,-19.8,34.91,Beira,MZ
BEY,33.82,35.49,Beirut,LB
BFD,41.8,-78.64,Bradford,US
BFF,41.87,-103.6,Scottsbluff,US
BFI,47.53,-122.3,Seattle,US
BFJ,27.27,105.47,Bijie,CN
BFL,35.43,-119.06,Bakersfield,US
BFN,-29.09,26.3,Bloemfontein,ZA
BFQ,7.59,-78.18,Puerto Piña,PA
BFS,54.66,-6.22,Belfast,GB
BFV,15.23,103.25,Buriram,TH
BFX,5.48,10.43,Bafoussam,CM
BFY,33.17,117.06,Bengbu,CN
BGA,7.13,-73.18,Bucaramanga,CO
BGC,41.86,-6.71,Bragança,PT
BGF,4.4,18.52,Bangui,CF
BGG,38.86,40.59,Bingöl,TR
BGI,13.07,-59.49,Bridgetown,BB
BGK,16.52,-88.41,Big Creek,BZ
BGM,42.21,-75.98,Binghamton,US
BGN,68.56,146.23,Belaya Gora,RU
BGO,60.29,5.22,Bergen,NO
BGR,44.81,-68.83,Bangor,US
BGS,58.37,97.45,Boguchany,RU
BGW,33.26,44.23,Baghdad,IQ
BGY,45.67,9.71,Orio al Serio (BG),IT
BHB,44.45,-68.36,Bar Harbor,US
BHD,54.62,-5.87,Belfast,GB
BHE,-41.52,173.87,Blenheim,NZ
BHH,19.98,42.62,Bisha,SA
BHI,-38.73,-62.17,Bahía Blanca,AR
BHJ,23.29,69.67,Bhuj,IN
BHK,39.78,64.48,Bukhara,UZ
BHM,33.56,-86.75,Birmingham,US
BHO,23.29,77.34,Bhopal,IN
BHQ,-32.0,141.47,Broken Hill,AU
BHR,27.68,84.43,Bharatpur,NP
BHS,-33.41,149.65,Bathurst,AU
BHU,21.75,72.19,Bhavnagar,IN
BHV,29.35,71.72,Bahawalpur,PK
BHX,52.45,-1.75,"Birmingham, West Midlands",GB
BHY,21.54,109.29,Beihai,CN
BHZ,-19.92,-43.94,Belo Horizonte,BR
BIA,42.55,9.48,Bastia,FR
BID,41.17,-71.58,Block Island,US
BIH,37.37,-118.36,Bishop,US
BIK,-1.19,136.11,Biak,ID
BIL,45.81,-108.54,Billings,US
BIM,25.7,-79.26,South Bimini,BS
BIO,43.3,-2.91,Bilbao,ES
BIQ,43.47,-1.52,Biarritz,FR
BIR,26.48,87.26,Biratnagar,NP
BIS,46.77,-100.75,Bismarck,US
BJA,36.71,5.07,Béjaïa,DZ
BJB,37.49,57.31,Bojnord,IR
BJC,39.91,-105.12,Denver,US
BJF,70.6,29.69,Båtsfjord,NO
BJI,47.51,-94.93,Bemidji,US
BJL,13.34,-16.65,Banjul (Yundum),GM
BJM,-3.32,29.32,Bujumbura,BI
BJR,11.61,37.32,Bahir Dar,ET
BJS,39.9,116.41,Beijing,CN
BJV,37.25,27.66,Bodrum,TR
BJW,-8.77,120.98,Bajawa,ID
BJX,20.99,-101.48,Silao,MX
BJZ,38.89,-6.82,Badajoz,ES
BKA,61.67,96.37,Baykit,RU
BKB,28.02,73.3,Bikaner,IN
BKC,65.98,-161.15,Buckland,US
BKG,36.53,-93.2,Branson,US
BKI,5.93,116.05,Kota Kinabalu,MY
BKK,13.68,100.75,Bangkok,TH
BKM,3.97,115.62,Bakalalan,MY
BKN,39.68,54.21,Balkanabat,TM
BKO,12.53,-7.95,Bamako,ML
BKQ,-24.43,145.43,Blackall,AU
BKS,-3.86,102.34,Bengkulu,ID
BKW,37.79,-81.12,Beaver,US
BKZ,-1.33,31.82,Bukoba,TZ
BLA,10.11,-64.69,Barcelona,VE
BLB,8.91,-79.6,Panamá City,PA
BLD,35.95,-114.86,Boulder City,US
BLE,60.42,15.52,Borlange,SE
BLI,48.79,-122.54,Bellingham,US
BLJ,35.75,6.31,Batna,DZ
BLK,53.82,-3.04,Blackpool,GB
BLL,55.74,9.16,Billund,DK
BLQ,44.54,11.29,Bologna,IT
BLR,13.2,77.71,Bengaluru,IN
BLV,38.55,-89.84,Belleville,US
BLW,4.77,45.24,Beledweyne,SO
BLZ,-15.68,34.97,Blantyre,MW
BMA,59.35,17.94,Stockholm,SE
BME,-17.95,122.23,Broome,AU
BMI,40.48,-88.92,Bloomington/Normal,US
BMK,53.6,6.71,Borkum,DE
BMO,24.27,97.25,Banmaw,MM
BMR,53.72,7.37,Baltrum,DE
BMU,-8.54,118.69,Bima,ID
BMV,12.67,108.12,Buon Ma Thuot,VN
BMW,21.38,0.93,Bordj Badji Mokhtar,DZ
BMY,-19.72,163.66,Waala,NC
BNA,36.12,-86.68,Nashville,US
BNB,-0.29,20.88,Boende,CD
BND,27.22,56.38,Bandar Abbas,IR
BNE,-27.38,153.12,Brisbane,AU
BNI,6.32,5.6,Benin,NG
BNK,-28.83,153.56,Ballina,AU
BNN,65.46,12.22,Brønnøy,NO
BNS,8.62,-70.21,Barinas,VE
BNX,44.94,17.3,Mahovljani,BA
BNY,-11.3,159.8,Anua,SB
BOB,-16.44,-151.75,Motu Mute,PF
BOC,9.34,-82.25,Isla Colón,PA
BOD,44.83,-0.72,Bordeaux,FR
BOG,4.7,-74.15,Bogota,CO
BOH,50.78,-1.84,Bournemouth,GB
BOI,43.56,-116.22,Boise,US
BOJ,42.57,27.52,Burgas,BG
BOM,19.09,72.87,Mumbai,IN
BON,12.13,-68.27,Kralendijk,BQ
BOO,67.27,14.37,Bodø,NO
BOR,20.32,100.17,Ton Phueng,LA
BOS,42.36,-71.01,Boston,US
BOT,-7.24,141.11,Bosset,PG
BOY,11.16,-4.33,Bobo Dioulasso,BF
BPA,11.61,125.44,Borongan,PH
BPE,39.67,119.06,Qinhuangdao (Changli),CN
BPG,-15.85,-52.38,Barra Do Garcas,BR
BPL,44.9,82.3,Bole,CN
BPN,-1.27,116.89,Balikpapan,ID
BPS,-16.44,-39.08,Porto Seguro,BR
BPT,29.95,-94.02,Beaumont/Port Arthur,US
BPX,30.55,97.11,Bangda,CN
BPY,-16.74,44.48,Besalampy,MG
BQB,-33.69,115.4,Busselton,AU
BQG,52.38,140.45,Bogorodskoye,RU
BQJ,67.65,134.7,Batagay,RU
BQK,31.26,-81.47,Brunswick,US
BQL,-22.91,139.9,Boulia Airport,AU
BQN,18.49,-67.13,Aguadilla,PR
BQS,50.43,127.42,Blagoveschensk,RU
BQT,52.11,23.9,Brest,BY
BQU,12.99,-61.26,Bequia,VC
BQW,-20.18,127.8,Balgo Hills,AU
BRA,-12.08,-45.01,Barreiras,BR
BRB,-2.75,-42.83,Barreirinhas,BR
BRC,-41.15,-71.16,San Carlos de Bariloche,AR
BRD,46.4,-94.13,Brainerd,US
BRE,53.05,8.79,Bremen,DE
BRG,2.66,125.42,Balirangen,ID
BRI,41.14,16.76,Bari,IT
BRK,-30.04,145.95,Bourke Airport,AU
BRL,40.78,-91.13,Burlington,US
BRM,10.04,-69.36,Barquisimeto,VE
BRN,46.91,7.5,Bern,CH
BRO,25.91,-97.43,Brownsville,US
BRQ,49.15,16.69,Brno,CZ
BRR,57.02,-7.44,Eoligarry,GB
BRS,51.38,-2.72,Bristol,GB
BRU,50.9,4.48,Zaventem,BE
BRW,71.29,-156.77,Utqiaġvik,US
BRX,18.25,-71.12,Barahona,DO
BSA,11.28,49.14,Bosaso,SO
BSB,-15.87,-47.92,Brasília,BR
BSC,6.2,-77.39,Bahía Solano,CO
BSD,25.05,99.17,Baoshan (Longyang),CN
BSG,1.91,9.81,Bata,GQ
BSK,34.79,5.74,Biskra,DZ
BSL,47.6,7.52,Bâle / Mulhouse,FR
BSO,20.45,121.98,Basco,PH
BSR,30.55,47.66,Basra,IQ
BSX,16.82,94.78,Pathein,MM
BSZ,43.06,74.48,Bishkek,KG
BTC,7.71,81.68,Batticaloa,LK
BTH,1.12,104.12,Batam,ID
BTI,70.13,-143.58,Barter Island,US
BTJ,5.53,95.42,Banda Aceh,ID
BTK,56.37,101.7,Bratsk,RU
BTM,45.95,-112.5,Butte,US
BTR,30.53,-91.15,Baton Rouge,US
BTS,48.17,17.21,Bratislava,SK
BTT,66.91,-151.53,Bettles,US
BTU,3.12,113.02,Bintulu,MY
BTV,44.47,-73.15,Burlington,US
BTW,-3.41,116.0,Batu Licin,ID
BTZ,5.77,101.07,Betong,TH
BUA,-5.42,154.67,Buka Island,PG
BUC,-17.75,139.53,Burketown Airport,AU
BUD,47.43,19.26,Budapest,HU
BUE,-34.61,-58.37,Buenos Aires,AR
BUF,42.94,-78.73,Buffalo,US
BUH,44.44,26.1,Bucharest,RO
BUI,-3.68,138.68,Bokondini,ID
BUN,3.82,-76.99,Buenaventura,CO
BUP,30.21,74.95,Bathinda,IN
BUQ,-20.02,28.62,Bulawayo,ZW
BUR,34.2,-118.36,Burbank,US
BUS,41.61,41.6,Batumi,GE
BUT,27.56,90.75,Jakar,BT
BUU,-1.54,102.18,Muara Bungo,ID
BUW,-5.47,122.63,Baubau,ID
BUX,1.57,30.22,Bunia,CD
BUZ,28.94,50.83,Bushehr,IR
BVA,49.45,2.11,Beauvais,FR
BVB,2.85,-60.69,Boa Vista,BR
BVC,16.14,-22.89,Rabil,CV
BVE,45.04,1.49,Brive,FR
BVG,70.87,29.03,Berlevåg,NO
BVH,-12.69,-60.1,Vilhena,BR
BVI,-25.9,139.35,Birdsville Airport,AU
BVJ,70.32,68.33,Bovanenkovo,RU
BVS,-1.64,-50.44,Breves,BR
BWA,27.5,83.41,Siddharthanagar (Bhairahawa),NP
BWI,39.18,-76.67,Baltimore,US
BWK,43.28,16.68,Gornji Humac,HR
BWN,4.94,114.93,Bandar Seri Begawan,BN
BWO,51.86,47.75,Balakovo,RU
BWT,-41.0,145.73,Burnie,AU
BWX,-8.31,114.34,"Rogojampi, Banyuwangi",ID
BXG,-36.74,144.33,Bendigo Airport,AU
BXH,46.89,75.0,Balkhash,KZ
BXR,29.08,58.45,Bam,IR
BXT,0.12,117.48,Bontang-Borneo Island,ID
BXU,8.95,125.48,Butuan,PH
BXY,45.62,63.21,Baikonur,KZ
BYG,44.35,-106.7,Buffalo,US
BYK,7.74,-5.07,Bouaké,CI
BYM,20.4,-76.62,Bayamo,CU
BYN,46.16,100.7,Bayankhongor,MN
BYO,-21.25,-56.45,Bonito,BR
BYR,57.28,11.0,Læsø,DK
BYW,48.58,-122.82,Blakely Island,US
BZE,17.54,-88.3,Belize City,BZ
BZG,53.1,17.98,Bydgoszcz,PL
BZI,39.62,27.93,Balıkesir,TR
BZK,53.26,34.42,Bryansk,RU
BZL,22.8,90.3,Barisal,BD
BZN,45.78,-111.15,Bozeman,US
BZO,46.46,11.33,Bolzano (BZ),IT
BZR,43.32,3.35,Béziers,FR
BZV,-4.25,15.25,Brazzaville,CG
BZX,31.74,106.64,Bazhong,CN
BZY,47.75,27.93,Beltsy,MD
CAB,-5.6,12.19,Cabinda,AO
CAC,-25.0,-53.5,Cascavel,BR
CAE,33.94,-81.12,Columbia,US
CAF,-4.87,-66.9,Carauari,BR
CAG,39.25,9.05,Cagliari,IT
CAH,9.18,105.18,Ca Mau City,VN
CAI,30.11,31.4,Cairo,EG
CAJ,6.23,-62.85,Canaima,VE
CAK,40.92,-81.44,Akron,US
CAL,55.44,-5.69,Campbeltown,GB
CAM,-20.01,-63.56,Camiri,BO
CAN,23.39,113.3,Guangzhou (Huadu),CN
CAP,19.73,-72.2,Cap Haitien,HT
CAT,38.72,-9.36,Cascais,PT
CAU,-8.28,-36.01,Caruaru,BR
CAW,-21.7,-41.3,Campos dos Goytacazes,BR
CAY,4.82,-52.36,Matoury,GF
CAZ,-31.54,145.79,Cobar Airport,AU
CBB,-17.42,-66.18,Cochabamba,BO
CBG,52.21,0.12,Cambridge,GB
CBH,31.65,-2.27,Béchar,DZ
CBO,7.16,124.21,Datu Odin Sinsuat,PH
CBQ,4.98,8.35,Calabar,NG
CBR,-35.31,149.2,Canberra,AU
CBT,-12.48,13.49,Catumbela,AO
CCA,-16.98,-65.15,Chimore,BO
CCC,22.46,-78.33,Cayo Coco,CU
CCE,30.06,31.84,New Cairo,EG
CCF,43.22,2.31,Carcassonne,FR
CCJ,11.14,75.96,Calicut,IN
CCK,-12.19,96.83,West Island,CC
CCP,-36.77,-73.06,Concepcion,CL
CCR,37.99,-122.06,Concord,US
CCS,10.6,-66.99,Maiquetía,VE
CCU,22.65,88.45,Kolkata,IN
CCV,-16.26,167.92,Craig Cove,VU
CCZ,25.42,-77.88,Chub Cay,BS
CDB,55.21,-162.73,Cold Bay,US
CDC,37.7,-113.1,Cedar City,US
CDE,41.12,118.07,Chengde,CN
CDG,49.01,2.55,"Paris (Roissy-en-France, Val-d'Oise)",FR
CDP,14.51,78.77,Kadapa,IN
CDR,42.84,-103.1,Chadron,US
CDT,40.21,0.07,Castellón de la Plana,ES
CDV,60.49,-145.48,Cordova,US
CEB,10.31,123.98,Cebu City/Lapu-Lapu City,PH
CEC,41.78,-124.24,Crescent City,US
CED,-32.13,133.71,Ceduna Airport,AU
CEE,59.27,38.02,Cherepovets,RU
CEG,53.19,-2.89,Chester,GB
CEI,19.95,99.88,Chiang Rai,TH
CEK,55.3,61.5,Chelyabinsk,RU
CEL,-29.37,-50.83,Canela,BR
CEM,65.57,-144.78,Central,US
CEN,27.39,-109.83,Ciudad Obregón,MX
CEZ,37.3,-108.63,Cortez,US
CFB,-22.92,-42.07,Cabo Frio,BR
CFE,45.79,3.17,Clermont-Ferrand,FR
CFG,22.15,-80.41,Cienfuegos,CU
CFK,36.22,1.34,Chlef,DZ
CFN,55.04,-8.34,Donegal,IE
CFR,49.18,-0.45,Caen,FR
CFS,-30.32,153.12,Coffs Harbour,AU
CFU,39.6,19.91,Kerkyra (Corfu),GR
CGB,-15.65,-56.12,Cuiabá,BR
CGD,28.92,111.64,Changde (Dingcheng),CN
CGH,-23.63,-46.65,São Paulo,BR
CGI,37.23,-89.57,Cape Girardeau,US
CGK,-6.13,106.66,Jakarta,ID
CGM,9.25,124.71,Mambajao,PH
CGN,50.87,7.14,Köln (Cologne),DE
CGO,34.53,113.85,Zhengzhou,CN
CGP,22.25,91.81,Chattogram (Chittagong),BD
CGQ,44.0,125.68,Changchun,CN
CGR,-20.47,-54.67,Campo Grande,BR
CGY,8.61,124.46,Laguindingan,PH
CHA,35.04,-85.2,Chattanooga,US
CHC,-43.49,172.53,Christchurch,NZ
CHG,41.54,120.43,"Shuangta, Chaoyang",CN
CHH,-6.2,-77.86,Chachapoyas,PE
CHI,41.88,-87.63,Chicago,US
CHM,-9.15,-78.52,Chimbote,PE
CHO,38.14,-78.45,Charlottesville,US
CHQ,35.53,24.15,Souda,GR
CHS,32.9,-80.04,Charleston,US
CHT,-43.81,-176.47,Te One,NZ
CHU,61.58,-159.22,Chuathbaluk,US
CHX,9.46,-82.52,Changuinola,PA
CHY,-6.71,156.4,Choiseul Bay,SB
CIA,41.8,12.6,Rome,IT
CIC,39.8,-121.86,Chico,US
CID,41.88,-91.71,Cedar Rapids,US
CIF,42.16,118.84,Chifeng,CN
CIH,36.25,113.13,Changzhi,CN
CIJ,-11.04,-68.78,Cobija,BO
CIK,66.64,-143.74,Chalkyitsik,US
CIT,42.37,69.48,Shymkent,KZ
CIU,46.24,-84.46,Kincheloe,US
CIW,12.7,-61.34,Canouan,VC
CIX,-6.79,-79.83,Chiclayo,PE
CIY,37.0,14.61,Comiso,IT
CIZ,-4.09,-63.15,Coari,BR
CJA,-7.14,-78.49,Cajamarca,PE
CJB,11.03,77.04,Coimbatore,IN
CJC,-22.5,-68.9,Calama,CL
CJJ,36.72,127.5,Cheongju,KR
CJL,35.89,71.8,Chitral,PK
CJM,10.71,99.36,Chumphon,TH
CJN,-7.72,108.49,Cijulang,ID
CJS,31.64,-106.43,Ciudad Juárez,MX
CJU,33.51,126.49,Jeju City,KR
CJZ,-6.88,-38.62,Cajazeiras,BR
CKB,39.3,-80.23,Bridgeport,US
CKD,61.87,-158.14,Crooked Creek,US
CKG,29.71,106.65,Chongqing,CN
CKH,70.62,147.9,Chokurdah,RU
CKS,-6.12,-50.0,Parauapebas,BR
CKW,-22.35,119.64,Christmas Creek Mine,AU
CKX,64.07,-141.95,Chicken,US
CKY,9.58,-13.61,Conakry,GN
CKZ,40.14,26.43,Çanakkale,TR
CLD,33.13,-117.28,Carlsbad,US
CLE,41.41,-81.85,Cleveland,US
CLJ,46.79,23.69,Cluj-Napoca,RO
CLL,30.59,-96.36,College Station,US
CLO,3.54,-76.38,Cali,CO
CLP,58.83,-158.53,Clarks Point,US
CLQ,19.28,-103.58,Colima,MX
CLT,35.21,-80.94,Charlotte,US
CLV,-17.73,-48.61,Caldas Novas,BR
CLY,42.53,8.79,Calvi,FR
CMA,-28.03,145.62,Cunnamulla Airport,AU
CMB,7.18,79.88,Colombo,LK
CME,18.65,-91.8,Ciudad del Carmen,MX
CMF,45.64,5.88,Chambéry,FR
CMG,-19.01,-57.67,Corumbá,BR
CMH,40.0,-82.89,Columbus,US
CMI,40.04,-88.28,Savoy,US
CMN,33.37,-7.59,Casablanca,MA
CMU,-6.02,144.97,Kundiawa,PG
CMW,21.42,-77.85,Camaguey,CU
CMX,47.17,-88.49,Hancock,US
CNB,-30.98,148.38,Coonamble Airport,AU
CNC,-10.05,143.07,Coconut Island Airport,AU
CND,44.36,28.49,Constanța,RO
CNF,-19.64,-43.97,Belo Horizonte,BR
CNI,39.27,122.67,Dalian (Changhai),CN
CNJ,-20.67,140.5,Cloncurry,AU
CNM,32.34,-104.26,Carlsbad,US
CNN,11.92,75.54,Kannur,IN
CNP,70.74,-22.65,Neerlerit Inaat,GL
CNQ,-27.45,-58.76,Corrientes,AR
CNS,-16.88,145.75,Cairns,AU
CNX,18.77,98.96,Chiang Mai,TH
CNY,38.76,-109.75,Moab,US
COD,44.52,-109.02,Cody,US
COH,26.35,89.45,Cooch Behar,IN
COK,10.15,76.4,Kochi,IN
COL,56.6,-6.62,Coll Island,GB
COO,6.36,2.38,Cotonou,BJ
COQ,48.14,114.65,Choibalsan Airport,MN
COR,-31.31,-64.21,Cordoba,AR
COS,38.81,-104.7,Colorado Springs,US
COU,38.82,-92.22,Columbia,US
COV,36.89,35.07,Tarsus,TR
CPC,-40.08,-71.14,Chapelco/San Martin de los Andes,AR
CPD,-29.04,134.72,Coober Pedy,AU
CPE,19.82,-90.5,Campeche,MX
CPH,55.62,12.66,Copenhagen,DK
CPO,-27.26,-70.78,Copiapo,CL
CPR,42.91,-106.46,Casper,US
CPT,-33.97,18.6,Cape Town,ZA
CPV,-7.27,-35.9,Campina Grande,BR
CPX,18.31,-65.3,Culebra,PR
CQW,29.47,107.69,Wulong,CN
CRA,44.32,23.89,Craiova,RO
CRC,4.75,-75.91,Cartago,CO
CRD,-45.79,-67.46,Comodoro Rivadavia,AR
CRI,22.75,-74.18,Colonel Hill,BS
CRK,15.19,120.56,Mabalacat,PH
CRL,50.46,4.46,Charleroi,BE
CRM,12.5,124.64,Catarman,PH
CRP,27.77,-97.5,Corpus Christi,US
CRU,12.48,-61.47,Carriacou Island,GD
CRV,39.0,17.08,Isola di Capo Rizzuto (KR),IT
CRW,38.37,-81.59,Charleston,US
CRZ,38.93,63.56,Türkmenabat,TM
CSA,56.06,-6.24,Colonsay,GB
CSG,32.52,-84.94,Columbus,US
CSH,65.03,35.73,Solovetsky Islands,RU
CSK,12.4,-16.75,Cap Skirring,SN
CSW,22.95,-109.94,Cabo San Lucas,MX
CSX,28.19,113.22,Changsha (Changsha),CN
CSY,56.09,47.35,Cheboksary,RU
CTA,37.47,15.07,Catania,IT
CTC,-28.59,-65.75,Catamarca,AR
CTD,7.99,-80.41,Chitré,PA
CTG,10.44,-75.51,Cartagena,CO
CTL,-26.41,146.26,Charleville,AU
CTM,18.5,-88.33,Chetumal,MX
CTN,-15.44,145.18,Cooktown Airport,AU
CTS,42.77,141.69,Sapporo,JP
CTU,30.56,103.95,Chengdu (Shuangliu),CN
CUA,25.05,-111.61,Comondú,MX
CUC,7.93,-72.51,Cúcuta,CO
CUE,-2.89,-78.98,Cuenca,EC
CUF,44.55,7.62,Levaldigi (CN),IT
CUK,17.74,-88.03,Caye Caulker,BZ
CUL,24.77,-107.48,Culiacán,MX
CUM,10.45,-64.13,Cumaná,VE
CUN,21.04,-86.87,Cancún,MX
CUP,10.66,-63.26,Carúpano,VE
CUQ,-13.76,143.11,Coen,AU
CUR,12.19,-68.96,Willemstad,CW
CUU,28.7,-105.96,Chihuahua,MX
CUZ,-13.54,-71.94,Cusco,PE
CVG,39.05,-84.67,Cincinnati / Covington,US
CVM,23.7,-98.96,Ciudad Victoria,MX
CVN,34.43,-103.08,Clovis,US
CVQ,-24.88,113.67,Carnarvon,AU
CVT,52.41,-1.52,Coventry,GB
CVU,39.67,-31.11,Corvo,PT
CWA,44.78,-89.67,Mosinee,US
CWB,-25.53,-49.18,Curitiba,BR
CWC,48.29,25.94,Chernivtsi,UA
CWJ,23.28,99.37,Lincang (Cangyuan),CN
CWL,51.4,-3.34,Cardiff,GB
CWS,48.49,-122.83,Center Island,US
CXB,21.46,91.96,Cox's Bazar,BD
CXI,1.99,-157.35,Kiritimati,KI
CXJ,-29.2,-51.19,Caxias Do Sul,BR
CXP,-7.65,109.03,Cilacap,ID
CXR,12.0,109.22,Nha Trang/nha Trang aiurportCam Ranh,VN
CYA,18.27,-73.79,Les Cayes,HT
CYB,19.69,-79.88,West End,KY
CYC,17.68,-88.04,Caye Chapel,BZ
CYF,60.14,-164.28,Chefornak,US
CYI,23.46,120.39,Shuishang,TW
CYO,21.62,-81.55,Cayo Largo del Sur,CU
CYP,12.07,124.55,Calbayog City,PH
CYS,41.16,-104.81,Cheyenne,US
CYT,60.08,-142.49,Yakataga,US
CYU,10.86,121.07,Cuyo,PH
CYX,68.74,161.34,Cherskiy,RU
CYZ,16.93,121.75,Cauayan City,PH
CZE,11.41,-69.68,Coro,VE
CZH,18.38,-88.41,Corozal,BZ
CZL,36.28,6.62,Constantine,DZ
CZM,20.51,-86.93,Cozumel,MX
CZR,56.91,118.27,Chara,RU
CZS,-7.6,-72.77,Cruzeiro Do Sul,BR
CZU,9.33,-75.29,Corozal,CO
CZX,31.92,119.78,Changzhou,CN
DAB,29.18,-81.06,Daytona Beach,US
DAC,23.84,90.4,Dhaka,BD
DAD,16.04,108.2,Da Nang,VN
DAL,32.84,-96.85,Dallas,US
DAM,33.41,36.52,Damascus,SY
DAR,-6.87,39.21,Dar es Salaam,TZ
DAT,40.06,113.48,Datong,CN
DAU,-9.09,143.21,Daru,PG
DAV,8.39,-82.44,David,PA
DAX,31.13,107.43,Dazhou (Daxian),CN
DAY,39.9,-84.22,Dayton,US
DBA,28.88,64.4,Dalbandin,PK
DBB,30.92,28.46,El Alamein,EG
DBC,45.51,123.02,Baicheng,CN
DBM,10.32,37.74,Debre Markos,ET
DBO,-32.22,148.57,Dubbo,AU
DBQ,42.4,-90.71,Dubuque,US
DBR,26.19,85.92,Darbhanga,IN
DBV,42.56,18.27,Dubrovnik,HR
DCA,38.85,-77.04,Washington,US
DCF,15.34,-61.39,Canefield,DM
DCM,43.56,2.29,Castres,FR
DCY,29.32,100.06,Garzê (Daocheng),CN
DDC,37.76,-99.97,Dodge City,US
DDD,2.67,72.89,Kudahuvadhoo,MV
DDG,40.03,124.29,Dandong (Zhenxing),CN
DDR,28.6,86.8,Xigazê (Dingri),CN
DEA,29.96,70.49,Dera Ghazi Khan,PK
DEB,47.49,21.62,Debrecen,HU
DEC,39.83,-88.87,Decatur,US
DED,30.19,78.18,Dehradun (Jauligrant),IN
DEE,43.96,145.68,Yuzhno-Kurilsk,RU
DEF,32.43,48.4,Dezful,IR
DEL,28.56,77.1,New Delhi,IN
DEM,8.55,34.86,Dembidollo,ET
DEN,39.86,-104.67,Denver,US
DEX,-4.86,139.48,Dekai,ID
DFW,32.9,-97.04,Dallas-Fort Worth,US
DGA,16.98,-88.23,Dangriga,BZ
DGE,-32.57,149.62,Mudgee,AU
DGH,24.45,86.7,Deoghar,IN
DGO,24.13,-104.53,Durango,MX
DGT,9.33,123.3,Dumaguete City,PH
DHG,44.55,135.58,Dalnegorsk,RU
DHI,28.68,80.63,Dhangadhi,NP
DHM,32.16,76.26,Kangra,IN
DHN,31.32,-85.45,Dothan,US
DHX,-7.75,111.95,Kediri,ID
DIA,25.26,51.57,Doha,QA
DIB,27.48,95.02,Dibrugarh,IN
DIE,-12.35,49.29,Antisiranana,MG
DIG,27.79,99.68,Diqing (Shangri-La),CN
DIK,46.8,-102.8,Dickinson,US
DIL,-8.55,125.52,Dili,TL
DIN,21.4,103.01,Dien Bien Phu,VN
DIQ,-20.1,-44.97,Divinopolis,BR
DIR,9.62,41.86,Dire Dawa,ET
DIU,20.71,70.92,Diu,IN
DIW,5.99,80.73,Dikwella,LK
DIY,37.89,40.2,Diyarbakır,TR
DJB,-1.64,103.65,Jambi,ID
DJE,33.87,10.78,Mellita,TN
DJG,24.29,9.46,Djanet,DZ
DJJ,-2.58,140.52,Sentani,ID
DJT,26.68,-80.1,West Palm Beach,US
DKA,13.01,7.66,Katsina,NG
DKR,14.72,-17.47,Dakar,SN
DKS,73.52,80.37,Dikson,RU
DLA,4.01,9.72,Douala,CM
DLC,38.97,121.54,Dalian (Ganjingzi),CN
DLE,47.04,5.43,Dole,FR
DLG,59.04,-158.51,Dillingham,US
DLH,46.84,-92.2,Duluth,US
DLI,11.75,108.37,Da Lat,VN
DLM,36.71,28.79,Dalaman,TR
DLR,45.88,133.74,Dalnerechensk,RU
DLU,25.65,100.32,Dali (Xiaguan),CN
DLZ,43.61,104.37,Dalanzadgad,MN
DMB,42.85,71.3,Taraz,KZ
DMD,-17.94,138.82,Doomadgee Airport,AU
DME,55.41,37.91,Moscow,RU
DMK,13.91,100.61,Bangkok,TH
DMM,26.47,49.8,Ad Dammam,SA
DMU,25.88,93.77,Dimapur,IN
DND,56.45,-3.03,Dundee,GB
DNH,40.16,94.81,Dunhuang,CN
DNK,48.46,35.05,Dnipro,UA
DNR,48.59,-2.08,Dinard,FR
DNZ,37.79,29.7,Denizli,TR
DOB,-5.75,134,Dobo,ID
DOD,-6.17,35.76,Dodoma,TZ
DOG,19.15,30.43,Dongola,SD
DOH,25.27,51.61,Doha,QA
DOL,49.37,0.15,Deauville,FR
DOM,15.55,-61.3,Marigot,DM
DOP,28.99,82.82,Dolpa,NP
DOU,-22.23,-54.83,Dourados,BR
DOV,39.13,-75.47,Dover,US
DOY,37.5,118.79,Dongying (Kenli),CN
DPL,8.6,123.34,Dipolog,PH
DPO,-41.17,146.43,Devonport,AU
DPS,-8.75,115.17,"Kuta, Badung",ID
DPT,69.39,139.89,Deputatskiy,RU
DQA,46.75,125.14,Daqing,CN
DQM,19.5,57.63,Duqm,OM
DRB,-17.3,123.63,Derby,AU
DRG,66.07,-162.77,Deering,US
DRJ,4.11,-54.67,Drietabbetje,SR
DRK,8.72,-83.64,Drake Bay,CR
DRO,37.15,-107.75,Durango,US
DRP,13.11,123.68,Legazpi,PH
DRS,51.13,13.77,Dresden,DE
DRT,29.37,-100.9,Del Rio,US
DRV,5.16,73.13,Baa Atoll,MV
DRW,-12.41,130.88,Darwin,AU
DSA,53.52,-1.13,Doncaster,GB
DSD,16.3,-61.08,Grande Anse,GP
DSE,11.11,39.73,Dessie,ET
DSI,30.4,-86.47,Destin,US
DSM,41.53,-93.66,Des Moines,US
DSN,39.49,109.86,Ordos,CN
DSO,39.75,127.47,Sŏndŏng-ni,KP
DSS,14.67,-17.07,Dakar,SN
DSY,10.91,103.23,Ta Noun,KH
DTB,2.26,98.99,Siborong-Borong,ID
DTD,0.81,114.53,Datadawai-Borneo Island,ID
DTM,51.52,7.61,Dortmund,DE
DTR,48.5,-122.81,Decatur,US
DTT,42.33,-83.05,Detroit,US
DTU,48.44,126.13,Heihe,CN
DTW,42.21,-83.35,Detroit,US
DUB,53.43,-6.26,Dublin,IE
DUD,-45.93,170.2,Dunedin,NZ
DUE,-7.4,20.82,Chitato,AO
DUJ,41.18,-78.9,Dubois,US
DUM,1.61,101.43,Dumai,ID
DUR,-29.61,31.12,Durban,ZA
DUS,51.29,6.77,Düsseldorf,DE
DUT,53.9,-166.54,Unalaska,US
DVL,48.12,-98.91,Devils Lake,US
DVO,7.13,125.65,Davao,PH
DWB,-16.1,45.36,Soalala,MG
DWC,24.9,55.16,Dubai(Jebel Ali),AE
DWD,24.45,44.12,Dawadmi,SA
DXB,25.25,55.37,Dubai,AE
DXJ,28.5,109.52,Xiangxi,CN
DXN,28.18,77.61,Gautam Buddha Nagar,IN
DYG,29.1,110.44,Zhangjiajie (Yongding),CN
DYR,64.73,177.74,Anadyr,RU
DYU,38.54,68.82,Dushanbe,TJ
DZA,-12.81,45.28,Dzaoudzi,YT
DZH,31.05,107.44,Dazhou (Dachuan),CN
DZN,47.71,67.74,Zhezkazgan,KZ
EAA,64.78,-141.15,Eagle,US
EAM,17.61,44.42,Najran,SA
EAP,47.55,7.59,Basel,CH
EAR,40.73,-99.01,Kearney,US
EAS,43.36,-1.79,Hondarribia,ES
EAT,47.4,-120.21,Wenatchee,US
EAU,44.87,-91.48,Eau Claire,US
EAX,5.86,-55.19,Kwatta,SR
EBA,42.76,10.24,Campo nell'Elba (LI),IT
EBB,0.04,32.44,Entebbe,UG
EBD,13.15,30.23,El-Obeid,SD
EBG,7.62,-74.82,El Bagre,CO
EBH,33.72,1.09,El Bayadh,DZ
EBJ,55.53,8.55,Esbjerg,DK
EBL,36.24,43.95,Arbil,IQ
EBU,45.44,4.39,St Etienne,FR
ECN,35.15,33.51,Tymbou (Kirklar),CY
ECP,30.36,-85.8,Panama City Beach,US
EDI,55.95,-3.37,"Ingliston, Edinburgh",GB
EDL,0.4,35.24,Eldoret,KE
EDO,39.55,27.01,Edremit,TR
EDR,-14.9,141.61,Pormpuraaw,AU
EEK,60.21,-162.04,Eek,US
EFL,38.12,20.5,Kefallinia Island,GR
EGC,44.83,0.52,Bergerac,FR
EGE,39.64,-106.92,Eagle,US
EGM,-8.58,157.88,Sege,SB
EGN,13.45,22.46,Geneina,SD
EGO,50.6,36.6,Belgorod,RU
EGS,65.28,-14.4,Egilsstaðir,IS
EGX,58.18,-157.37,Egegik,US
EHU,30.34,115.04,Ezhou,CN
EIE,58.47,92.11,Yeniseysk,RU
EIN,51.45,5.37,Eindhoven,NL
EIS,18.45,-64.54,Beef Island,VG
EJA,7.02,-73.81,Barrancabermeja,CO
EJH,26.2,36.48,Al Wajh,SA
EJT,6.04,171.98,Enejit Island,MH
EKO,40.82,-115.79,Elko,US
EKS,49.19,142.08,Shakhtyorsk,RU
ELC,-12.02,135.57,Elcho Island,AU
ELD,33.22,-92.81,El Dorado,US
ELF,13.61,25.32,El Fasher,SD
ELG,30.58,2.86,El Menia,DZ
ELH,25.48,-76.68,North Eleuthera,BS
ELI,64.61,-162.27,Elim,US
ELM,42.16,-76.89,Elmira/Corning,US
ELP,31.81,-106.38,El Paso,US
ELQ,26.3,43.77,Qassim,SA
ELS,-33.04,27.83,East London,ZA
ELU,33.51,6.78,Guemar,DZ
EMA,52.83,-1.33,"Nottingham, Leicestershire",GB
EMD,-23.57,148.18,Emerald,AU
EME,53.39,7.23,Emden,DE
EMK,62.79,-164.49,Emmonak,US
EMN,16.6,-7.28,Nema,MR
ENA,60.57,-151.25,Kenai,US
ENE,-8.85,121.66,Ende,ID
ENF,68.36,23.42,Enontekio,FI
ENH,30.32,109.49,Enshi (Enshi),CN
ENI,11.2,119.42,El Nido,PH
ENO,-27.23,-55.84,Encarnación,PY
ENT,11.34,162.33,Eniwetok Atoll,MH
ENU,6.47,7.56,Enegu,NG
ENY,36.48,109.46,Yan'an (Baota),CN
EOH,6.22,-75.59,Medellín,CO
EOI,59.19,-2.77,Eday,GB
EPA,-34.61,-58.61,El Palomar,AR
EPR,-33.68,121.82,Esperance,AU
EPU,58.42,24.47,Pärnu,EE
EQS,-42.91,-71.14,Esquel,AR
ERC,39.71,39.53,Erzincan,TR
ERF,50.98,10.96,Erfurt,DE
ERG,61.27,108.03,Yerbogachen,RU
ERH,31.95,-4.4,Errachidia,MA
ERI,42.08,-80.17,Erie,US
ERL,43.42,112.09,Erenhot,CN
ERN,-6.58,-69.88,Eirunepe,BR
ERS,-22.6,17.08,Windhoek,NA
ERZ,39.96,41.17,Erzurum,TR
ESB,40.13,33.0,Ankara,TR
ESC,45.72,-87.09,Escanaba,US
ESD,48.71,-122.91,Eastsound,US
ESK,39.77,30.53,Eskisehir,TR
ESL,46.37,44.33,Elista,RU
ESM,0.98,-79.63,Tachina,EC
ESR,-26.31,-69.77,El Salvador,CL
ESU,31.4,-9.68,Essaouira,MA
ETL,46.53,138.32,Svetlaya,RU
ETM,29.73,35.01,Eilat,IL
ETR,-3.44,-80.0,Santa Rosa,EC
ETZ,48.98,6.25,Goin,FR
EUA,-21.38,-174.96,Eua Island,TO
EUG,44.12,-123.21,Eugene,US
EUN,27.14,-13.22,El Aaiún,EH
EUQ,10.78,121.94,Antique,PH
EUX,17.5,-62.98,Oranjestad,BQ
EVE,68.49,16.68,Evenes,NO
EVG,62.05,14.42,Sveg,SE
EVN,40.15,44.4,Yerevan,AM
EVV,38.04,-87.53,Evansville,US
EWB,41.68,-70.96,New Bedford,US
EWN,35.07,-77.04,New Bern,US
EWR,40.69,-74.17,Newark,US
EXT,50.73,-3.41,"Exeter, Devon",GB
EYA,53.73,127.25,Zeya,RU
EYK,63.69,66.7,Beloyarskiy Airport,RU
EYP,5.32,-72.38,Yopal,CO
EYW,24.56,-81.76,Key West,US
EZE,-34.82,-58.54,Buenos Aires (Ezeiza),AR
EZS,38.6,39.28,Elazığ,TR
EZV,63.92,65.04,Berezovo,RU
FAE,62.06,-7.28,Vágar,FO
FAI,64.82,-147.86,Fairbanks,US
FAO,37.02,-7.97,Faro,PT
FAR,46.92,-96.82,Fargo,US
FAT,36.78,-119.72,Fresno,US
FAV,-16.05,-145.66,Fakarava Airport,PF
FAY,34.99,-78.88,Fayetteville,US
FBD,37.12,70.52,Fayzabad,AF
FBE,-26.06,-53.06,Francisco Beltrão,BR
FBM,-11.59,27.53,Lubumbashi,CD
FCA,48.31,-114.26,Kalispell,US
FCN,53.77,8.66,Wurster Nordseeküste,DE
FCO,41.8,12.25,Rome,IT
FDE,61.39,5.76,Førde,NO
FDF,14.59,-61.0,Fort-de-France,MQ
FDH,47.67,9.51,Friedrichshafen,DE
FDU,-3.31,17.38,Bandundu,CD
FEC,-12.25,-38.96,Feira De Santana,BR
FEG,40.36,71.75,Fergana,UZ
FEN,-3.85,-32.42,Fernando de Noronha,BR
FEZ,33.93,-4.98,Saïss,MA
FGU,-15.82,-140.89,Fangatau,PF
FHZ,-15.99,-140.16,Fakahina,PF
FIE,59.53,-1.63,Fair Isle,GB
FIH,-4.39,15.44,Kinshasa,CD
FIZ,-18.18,125.56,Fitzroy Crossing Airport,AU
FJR,25.11,56.33,Fujairah,AE
FKB,48.78,8.08,Rheinmünster,DE
FKI,0.48,25.34,Kisangani,CD
FKL,41.38,-79.86,Franklin,US
FKQ,-2.92,132.27,Fakfak,ID
FKS,37.23,140.43,Sukagawa,JP
FLA,1.59,-75.56,Florencia,CO
FLG,35.14,-111.67,Flagstaff,US
FLL,26.07,-80.15,Fort Lauderdale,US
FLN,-27.67,-48.55,Florianópolis,BR
FLO,34.19,-79.72,Florence,US
FLR,43.81,11.2,Firenze (FI),IT
FLS,-40.09,147.99,Whitemark,AU
FLW,39.46,-31.13,Santa Cruz das Flores,PT
FLZ,1.56,98.89,Sibolga (Pinangsori),ID
FMA,-26.21,-58.23,Formosa,AR
FMI,-5.88,29.25,Kalemie,CD
FMM,47.99,10.24,Memmingen,DE
FMN,36.74,-108.23,Farmington,US
FMO,52.13,7.69,Greven,DE
FMT,0.19,73.2,Faresmaathodaa,MV
FMY,26.64,-81.87,Fort Myers,US
FNA,8.62,-13.2,Freetown (Lungi-Town),SL
FNC,32.7,-16.77,Funchal,PT
FND,6.16,73.29,Funadhoo,MV
FNI,43.76,4.42,Nîmes/Garons,FR
FNJ,39.22,125.67,Pyongyang,KP
FNL,40.59,-105.08,Fort Collins,US
FNT,42.97,-83.74,Flint,US
FOA,60.12,-2.05,Foula,GB
FOC,25.93,119.67,Fuzhou (Changle),CN
FOD,42.55,-94.19,Fort Dodge,US
FOG,41.43,15.53,Foggia (FG),IT
FON,10.47,-84.58,La Fortuna,CR
FOR,-3.78,-38.53,Fortaleza,BR
FPO,26.56,-78.7,Freeport,BS
FRA,50.03,8.56,Frankfurt am Main,DE
FRD,48.52,-123.02,Friday Harbor,US
FRE,-8.11,159.58,Fera Island,SB
FRL,44.19,12.07,Forlì (FC),IT
FRO,61.58,5.02,Florø,NO
FRS,16.91,-89.87,San Benito,GT
FRW,-21.16,27.47,Francistown,BW
FSC,41.5,9.1,Figari,FR
FSD,43.59,-96.74,Sioux Falls,US
FSH,2.27,97.97,Singkil,ID
FSM,35.34,-94.37,Fort Smith,US
FSP,46.76,-56.17,Saint-Pierre,PM
FSZ,34.8,138.19,Makinohara / Shimada,JP
FTA,-19.52,170.23,Futuna Island,VU
FTE,-50.28,-72.05,El Calafate,AR
FTI,-14.22,-169.42,Fitiuta Village,AS
FTU,-25.04,46.96,Tôlanaro,MG
FTW,32.82,-97.36,Fort Worth,US
FUE,28.45,-13.86,El Matorral,ES
FUG,32.88,115.73,"Yingzhou, Fuyang",CN
FUJ,32.67,128.83,Goto,JP
FUK,33.59,130.45,Fukuoka,JP
FUN,-8.52,179.2,Funafuti,TV
FUO,23.08,113.07,Foshan (Nanhai),CN
FUT,-14.31,-178.07,Futuna Island,WF
FVM,-0.29,73.42,Fuvahmulah,MV
FWA,40.98,-85.19,Fort Wayne,US
FYJ,48.2,134.36,Fuyuan,CN
FYN,46.8,89.51,Fuyun,CN
FYU,66.57,-145.25,Fort Yukon,US
FYV,36.06,-94.16,Fayetteville,US
FZL,39.6,47.14,Fuzuli,AZ
GAJ,38.41,140.37,Higashine,JP
GAL,64.74,-156.94,Galena,US
GAM,63.77,-171.73,Gambell,US
GAN,-0.69,73.15,Gan,MV
GAO,19.9,-75.1,Guantanamo,CU
GAQ,16.25,-0.01,Gao,ML
GAS,-0.45,39.65,Garissa,KE
GAU,26.11,91.59,Guwahati,IN
GAX,-2.79,10.05,Gamba,GA
GAY,24.74,84.95,Gaya,IN
GBB,40.81,47.73,Gabala,AZ
GBE,-24.56,25.92,Gaborone,BW
GBI,17.31,76.97,Kalaburagi,IN
GBJ,15.87,-61.27,Grand-Bourg,GP
GBT,36.85,54.44,Gorgan,IR
GBZ,-36.24,175.47,Claris,NZ
GCC,44.35,-105.54,Gillette,US
GCH,30.33,50.83,Gachsaran,IR
GCI,49.44,-2.6,Saint Peter Port,GG
GCK,37.93,-100.72,Garden City,US
GCM,19.29,-81.36,George Town,KY
GCN,35.95,-112.15,Grand Canyon - Tusayan,US
GDB,21.53,80.29,Gondia,IN
GDE,5.94,43.58,Gode,ET
GDL,20.52,-103.31,Guadalajara,MX
GDN,54.38,18.47,Gdańsk,PL
GDQ,12.52,37.43,Azezo,ET
GDT,21.44,-71.14,Cockburn Town,TC
GDV,47.14,-104.81,Glendive,US
GDX,59.91,150.72,Magadan,RU
GDZ,44.58,38.01,Gelendzhik,RU
GEA,-22.26,166.47,Nouméa,NC
GEG,47.62,-117.53,Spokane,US
GEL,-28.28,-54.17,Santo Ângelo,BR
GEM,1.68,11.02,Mengomeyén,GQ
GEO,6.5,-58.25,Georgetown,GY
GER,21.83,-82.78,Nueva Gerona,CU
GES,6.06,125.1,General Santos,PH
GET,-28.8,114.71,Moonyoonooka,AU
GEV,67.13,20.81,Gällivare,SE
GFF,-34.25,146.07,Griffith,AU
GFK,47.95,-97.18,Grand Forks,US
GFN,-29.76,153.03,Grafton,AU
GGF,-1.48,-52.58,Almeirim,BR
GGG,32.38,-94.71,Longview,US
GGJ,-24.08,-54.19,Guaíra,BR
GGM,0.28,34.75,Kakamega,KE
GGR,8.46,48.57,Garowe,SO
GGS,-48.78,-70.15,Gobernador Gregores,AR
GGT,23.56,-75.88,Moss Town,BS
GGW,48.21,-106.61,Glasgow,US
GHA,32.38,3.79,El Atteuf,DZ
GHB,25.28,-76.33,Governor's Harbour,BS
GHV,45.71,25.52,Brașov (Ghimbav),RO
GIB,36.15,-5.35,Gibraltar,GI
GIC,-9.23,142.22,Boigu Island,AU
GID,-3.42,29.91,Gitega,BI
GIG,-22.81,-43.25,Rio De Janeiro,BR
GIL,35.92,74.33,Gilgit,PK
GIS,-38.66,177.98,Gisborne,NZ
GIT,-2.87,32.23,Geita,TZ
GIU,7.96,80.76,Sigiriya,LK
GIZ,16.9,42.59,Jizan,SA
GJA,16.45,-85.91,Guanaja,HN
GJL,36.79,5.87,Tahir,DZ
GJT,39.13,-108.53,Grand Junction,US
GKA,-6.08,145.39,Goronka,PG
GKK,0.73,73.43,Huvadhu Atoll,MV
GKN,62.16,-145.45,Gulkana,US
GLA,55.87,-4.43,Glasgow,GB
GLF,8.65,-83.18,Golfito,CR
GLH,33.48,-90.99,Greenville,US
GLK,6.78,47.45,Galcaio,SO
GLN,28.99,-10.05,Guelmim,MA
GLT,-23.87,151.23,Gladstone,AU
GLV,64.55,-163.01,Golovin,US
GMA,3.24,19.77,Gemena,CD
GMB,8.13,34.56,Gambela,ET
GME,52.53,31.02,Gomel,BY
GMI,-6.27,150.33,Gasmata Island,PG
GMO,10.3,10.9,Gombe,NG
GMP,37.56,126.79,Seoul,KR
GMQ,34.42,100.3,Golog (Maqên),CN
GMR,-23.08,-134.89,Totegegie Airport,PF
GMZ,28.03,-17.21,"Alajero, La Gomera Island",ES
GNB,45.36,5.33,Grenoble,FR
GND,12.0,-61.79,Saint George's,GD
GNJ,40.74,46.32,Ganja,AZ
GNM,-14.22,-42.78,Guanambi,BR
GNO,45.17,5.72,Grenoble,FR
GNS,1.17,97.71,Gunungsitoli,ID
GNU,59.12,-161.58,Goodnews,US
GNV,29.69,-82.27,Gainesville,US
GNY,37.45,38.9,Şanlıurfa,TR
GOA,44.41,8.84,Genova (GE),IT
GOB,7.01,39.98,Goba,ET
GOH,64.19,-51.68,Nuuk,GL
GOI,15.38,73.83,Vasco da Gama,IN
GOJ,56.23,43.79,Nizhny Novgorod,RU
GOM,-1.67,29.24,Goma,CD
GOP,26.74,83.45,Gorakhpur,IN
GOQ,36.4,94.79,Golmud,CN
GOT,57.66,12.28,Göteborg,SE
GOU,9.33,13.37,Garoua,CM
GOV,-12.27,136.82,Nhulunbuy,AU
GOX,15.74,73.86,Mopa,IN
GOY,64.33,100.43,Tura,RU
GPA,38.15,21.43,Patras,GR
GPB,-25.39,-51.46,Guarapuava,BR
GPI,2.57,-77.9,Guapi,CO
GPS,-0.45,-90.27,Isla Baltra,EC
GPT,30.41,-89.07,Gulfport,US
GRB,44.48,-88.13,Green Bay,US
GRI,40.97,-98.31,Grand Island,US
GRJ,-34.01,22.38,George,ZA
GRK,31.07,-97.83,Fort Cavazos,US
GRO,41.9,2.76,Girona,ES
GRQ,53.12,6.58,Groningen,NL
GRR,42.88,-85.52,Grand Rapids,US
GRU,-23.43,-46.47,São Paulo,BR
GRV,43.39,45.7,Grozny,RU
GRW,39.09,-28.03,Santa Cruz da Graciosa,PT
GRX,37.19,-3.78,Granada,ES
GRY,66.55,-18.02,Grímsey/Sandvík,IS
GRZ,46.99,15.44,Feldkirchen bei Graz,AT
GSI,4.27,-54.38,Grand-Santi,GF
GSM,26.75,55.9,Qeshm(Dayrestan),IR
GSO,36.1,-79.94,Greensboro,US
GSP,34.9,-82.22,Greenville/Greer/Spartanburg,US
GST,58.43,-135.71,Gustavus,US
GSV,51.71,46.17,Saratov,RU
GTA,-8.74,158.2,Gatokae,SB
GTE,-13.97,136.46,Groote Eylandt,AU
GTF,47.48,-111.37,Great Falls,US
GTO,0.64,122.85,Gorontalo,ID
GTR,33.45,-88.59,Columbus/W Point/Starkville,US
GUA,14.58,-90.53,Guatemala City,GT
GUB,28.03,-114.02,San Quintín,MX
GUC,38.53,-106.93,Gunnison,US
GUM,13.48,144.8,Hagåtña,GU
GUP,35.51,-108.79,Gallup,US
GUR,-10.31,150.33,Gurney,PG
GUW,47.12,51.82,Atyrau,KZ
GUZ,-20.65,-40.49,Guarapari,BR
GVA,46.24,6.11,Geneva,CH
GVN,48.93,140.3,Sovetskaya Gavan,RU
GVR,-18.9,-41.98,Governador Valadares,BR
GWD,25.3,62.5,Gurandani,PK
GWL,26.29,78.23,Gwalior,IN
GWT,54.91,8.34,Sylt,DE
GXF,15.97,48.79,Seiyun,YE
GXG,-7.75,15.29,Negage,AO
GXH,34.82,102.62,Gannan (Xiahe),CN
GYA,-10.89,-65.38,Guayaramerín,BO
GYD,40.47,50.05,Baku,AZ
GYE,-2.16,-79.88,Guayaquil,EC
GYG,62.1,129.53,Magan,RU
GYM,27.97,-110.93,Guaymas,MX
GYN,-16.63,-49.22,Goiânia,BR
GYS,32.39,105.69,Guangyuan (Lizhou),CN
GYU,36.08,106.22,Guyuan (Yuanzhou),CN
GYY,41.62,-87.41,Gary,US
GYZ,-28.03,123.82,Cosmo Newbery,AU
GZG,31.76,99.55,Garzê (Garzê),CN
GZO,-8.1,156.86,Gizo,SB
GZP,36.3,32.3,Gazipaşa,TR
GZT,36.95,37.48,Gaziantep,TR
HAA,70.49,22.14,Hasvik,NO
HAC,33.11,139.79,Hachijojima,JP
HAD,56.69,12.82,Halmstad,SE
HAH,-11.53,43.27,Moroni,KM
HAJ,52.46,9.69,Hannover,DE
HAK,19.93,110.46,Haikou (Meilan),CN
HAL,-19.03,16.46,Halali,NA
HAM,53.63,9.99,Hamburg,DE
HAN,21.22,105.81,Hanoi (Soc Son),VN
HAQ,6.74,73.17,Haa Dhaalu Atoll,MV
HAR,40.22,-76.85,Harrisburg,US
HAS,27.44,41.69,Hail,SA
HAU,59.35,5.21,Karmøy,NO
HAV,22.99,-82.41,Havana,CU
HBA,-42.84,147.51,Hobart (Cambridge),AU
HBE,30.93,29.7,Alexandria,EG
HBQ,38.01,100.65,Haibei (Qilian),CN
HBX,15.36,75.08,Hubballi,IN
HCJ,24.8,107.71,Hechi (Jinchengjiang),CN
HCQ,-18.23,127.67,Halls Creek,AU
HCR,62.19,-159.77,Holy Cross,US
HCZ,25.75,112.85,Chenzhou,CN
HDD,25.32,68.37,Hyderabad,PK
HDF,53.88,14.15,Zirchow,DE
HDG,36.52,114.42,Handan,CN
HDK,6.63,73.07,Kulhudhuffushi,MV
HDM,34.87,48.56,Hamadan,IR
HDN,40.48,-107.22,Hayden,US
HDO,28.71,77.36,Ghaziabad,IN
HDS,-24.36,31.05,Hoedspruit,ZA
HDY,6.93,100.39,Hat Yai,TH
HEA,34.21,62.23,Guzara,AF
HEH,20.75,96.79,Heho,MM
HEI,54.15,8.9,Oesterdeichstrich,DE
HEK,50.17,127.31,Heihe,CN
HEL,60.32,24.96,Helsinki (Vantaa),FI
HER,35.34,25.18,Heraklion,GR
HET,40.85,111.82,Hohhot,CN
HFA,32.81,35.04,Haifa,IL
HFE,31.99,116.98,Hefei,CN
HFN,64.3,-15.23,Höfn,IS
HFS,60.02,13.58,Råda,SE
HFT,70.68,23.67,Hammerfest,NO
HGA,9.51,44.08,Hargeisa,SO
HGD,-20.82,144.23,Hughenden,AU
HGH,30.24,120.43,Hangzhou,CN
HGI,26.97,93.64,Hollongi,IN
HGL,54.19,7.92,Helgoland,DE
HGN,19.3,97.98,Mae Hong Son,TH
HGO,9.39,-5.56,Korhogo,CI
HGR,39.71,-77.73,Hagerstown,US
HGU,-5.83,144.3,Mount Hagen,PG
HHH,32.22,-80.7,Hilton Head Island,US
HHN,49.95,7.26,Frankfurt am Main (Lautzenhausen),DE
HHQ,12.64,99.95,Hua Hin,TH
HHR,33.92,-118.33,Hawthorne,US
HHZ,-17.55,-142.61,Hikueru,PF
HIA,33.79,119.13,Huai'an,CN
HIB,47.38,-92.84,Hibbing,US
HID,-10.59,142.29,Horn,AU
HII,34.57,-114.36,Lake Havasu City,US
HIJ,34.44,132.92,Hiroshima,JP
HIL,6.08,44.76,Shilavo,ET
HIN,35.09,128.07,Sacheon,KR
HIR,-9.43,160.05,Honiara,SB
HJB,42.98,84.0,Hejing,CN
HJJ,27.44,109.7,Huaihua,CN
HJR,24.82,79.92,Khajuraho,IN
HKD,41.77,140.82,Hakodate,JP
HKG,22.31,113.91,Hong Kong,HK
HKK,-42.71,170.99,Hokitika Airfield,NZ
HKN,-5.46,150.41,Kimbe,PG
HKT,8.11,98.32,Phuket,TH
HLA,-25.94,27.93,Johannesburg,ZA
HLD,49.21,119.82,Hailar,CN
HLE,-15.96,-5.65,Jamestown,SH
HLH,46.2,122.01,Ulanhot,CN
HLN,46.61,-111.98,Helena,US
HLP,-6.27,106.89,Jakarta,ID
HLZ,-37.87,175.33,Hamilton,NZ
HMA,61.03,69.09,Khanty-Mansiysk,RU
HMB,26.34,31.74,Suhaj,EG
HME,31.67,6.14,Hassi Messaoud,DZ
HMI,42.84,93.67,Hami,CN
HMO,29.09,-111.05,Hermosillo,MX
HMS,-1.03,114.93,Muara Teweh,ID
HMV,65.81,15.08,Hemavan,SE
HNA,39.43,141.13,Hanamaki,JP
HND,35.55,139.79,Tokyo,JP
HNH,58.1,-135.41,Hoonah,US
HNL,21.32,-157.93,"Honolulu, Oahu",US
HNM,20.8,-156.01,Hana,US
HNS,59.24,-135.52,Haines,US
HNY,26.72,112.62,Hengyang,CN
HOB,32.69,-103.22,Hobbs,US
HOF,25.29,49.49,Hofuf,SA
HOG,20.79,-76.32,Holguin,CU
HOI,-18.07,-140.95,Otepa,PF
HOK,-18.34,130.64,Lajamanu,AU
HOM,59.64,-151.48,Homer,US
HON,44.38,-98.23,Huron,US
HOR,38.52,-28.72,Horta,PT
HOT,34.48,-93.1,Hot Springs,US
HOU,29.65,-95.28,Houston,US
HOV,62.18,6.07,Ørsta,NO
HOX,24.89,94.93,Homalin,MM
HPA,-19.78,-174.34,Lifuka,TO
HPB,61.52,-166.15,Hooper Bay,US
HPG,31.63,110.34,Shennongjia (Hongping),CN
HPH,20.82,106.72,Haiphong (Hai An),VN
HPN,41.07,-73.71,White Plains,US
HQL,37.66,75.29,Tashikuergan,CN
HQQ,35.87,114.46,Anyang,CN
HRB,45.62,126.25,Harbin,CN
HRE,-17.93,31.09,Harare,ZW
HRF,6.97,72.9,Hoarafushi Airport,MV
HRG,27.18,33.8,Hurghada,EG
HRI,6.28,81.12,Mattala,LK
HRK,49.99,36.23,Kharkiv,UA
HRL,26.23,-97.65,Harlingen,US
HRO,36.26,-93.15,Harrison,US
HSA,43.31,68.55,Turkıstan,KZ
HSC,24.98,113.42,Shaoguan,CN
HSF,44.41,131.15,Suifenhe,CN
HSG,33.15,130.3,Saga,JP
HSL,65.7,-156.35,Huslia,US
HSN,29.93,122.36,Zhoushan,CN
HSR,22.38,71.04,Rajkot,IN
HSS,29.19,75.74,Hisar,IN
HSV,34.64,-86.77,Huntsville,US
HTA,52.02,113.31,Chita,RU
HTG,71.98,102.49,Khatanga,RU
HTI,-20.36,148.95,Hamilton Island,AU
HTN,37.04,79.86,Hotan,CN
HTS,38.37,-82.56,Huntington,US
HTT,38.2,90.84,Mengnai,CN
HTY,36.36,36.29,Antakya,TR
HUE,13.83,36.88,Akwi,ET
HUG,15.32,-91.51,Huehuetenango,GT
HUH,-16.69,-151.02,Fare,PF
HUI,16.4,107.7,Huế,VN
HUN,24.02,121.62,Hualien City,TW
HUO,45.49,119.41,Holingol,CN
HUS,66.04,-154.26,Hughes,US
HUU,-9.88,-76.2,Huánuco,PE
HUX,15.78,-96.26,Huatulco,MX
HUY,53.58,-0.35,"Grimsby, Lincolnshire",GB
HUZ,23.05,114.6,Huizhou (Pingtan),CN
HVB,-25.32,152.88,Hervey Bay,AU
HVD,47.95,91.63,Khovd,MN
HVG,71.01,25.98,Honningsvåg,NO
HVN,41.26,-72.89,New Haven,US
HVR,48.54,-109.76,Havre,US
HWD,37.67,-122.08,Hayward,US
HWR,30.75,75.63,Halwara,IN
HXD,37.13,97.27,Delingha,CN
HYA,41.67,-70.28,Hyannis,US
HYD,17.23,78.43,Hyderabad,IN
HYG,55.21,-132.83,Hydaburg,US
HYN,28.56,121.43,Taizhou (Luqiao),CN
HYS,38.84,-99.27,Hays,US
HZA,35.21,115.74,Heze (Dingtao),CN
HZG,33.13,107.2,Hanzhong (Chenggu),CN
HZH,26.32,109.15,Liping,CN
IAA,67.44,86.62,Igarka,RU
IAD,38.94,-77.46,Dulles,US
IAG,43.11,-78.95,Niagara Falls,US
IAH,29.98,-95.34,Houston,US
IAM,28.05,9.64,In Aménas,DZ
IAN,66.98,-160.44,Kiana,US
IAO,9.86,126.01,Del Carmen,PH
IAR,57.56,40.16,Tunoshna,RU
IAS,47.18,27.62,Iaşi,RO
IBA,7.36,3.98,Ibadan,NG
IBB,-0.94,-90.95,Puerto Villamil,EC
IBE,4.42,-75.13,Ibagué,CO
IBR,36.18,140.41,Omitama,JP
IBZ,38.87,1.37,Ibiza (Eivissa),ES
ICC,10.79,-63.98,Isla de Coche,VE
ICI,-17.74,-179.34,Cicia,FJ
ICN,37.47,126.45,Seoul,KR
ICT,37.65,-97.43,Wichita,US
IDA,43.51,-112.07,Idaho Falls,US
IDR,22.72,75.8,Indore,IN
IEG,52.14,15.8,Nowe Kramsko,PL
IEV,50.45,30.52,Kyiv,UA
IFJ,66.06,-23.14,Ísafjörður,IS
IFN,32.76,51.88,Isfahan,IR
IFO,48.92,24.71,Ivano-Frankovsk,UA
IFP,35.17,-114.56,Bullhead City,US
IGA,20.98,-73.67,Matthew Town,BS
IGD,39.98,43.88,Iğdır,TR
IGG,59.32,-155.9,Igiugig,US
IGR,-25.74,-54.47,Puerto Iguazu,AR
IGT,43.32,45.01,Sunzha,RU
IGU,-25.59,-54.49,Foz do Iguaçu,BR
IIA,53.09,-9.57,Inis Meáin,IE
IIL,33.64,46.41,Ilaam,IR
IJK,56.83,53.46,Izhevsk,RU
IKA,35.42,51.15,Tehran,IR
IKG,42.51,78.41,Karakol,KG
IKI,33.75,129.79,Iki,JP
IKO,52.94,-168.85,Nikolski,US
IKS,71.7,128.9,Tiksi,RU
IKT,52.27,104.4,Irkutsk,RU
IKU,42.59,76.7,Tamchy,KG
ILD,41.73,0.54,Lleida,ES
ILE,31.12,-97.73,Killeen,US
ILF,56.05,-95.62,Ilford,CA
ILG,39.68,-75.61,Wilmington,US
ILI,59.75,-154.91,Iliamna,US
ILM,34.27,-77.91,Wilmington,US
ILO,10.83,122.49,Cabatuan,PH
ILP,-22.59,167.46,Île des Pins,NC
ILQ,-17.7,-71.34,Ilo,PE
ILR,8.44,4.49,Ilorin/Ogbomosho,NG
ILS,13.7,-89.12,San Salvador,SV
ILY,55.68,-6.26,"Isle of Islay, Argyll and Bute",GB
IMF,24.76,93.9,Imphal,IN
IMK,29.97,81.82,Simikot,NP
IMP,-5.53,-47.46,Imperatriz,BR
IMT,45.82,-88.11,Kingsford,US
INA,66.07,60.1,Inta,RU
INB,16.53,-88.44,Independence,BZ
INC,38.32,106.39,Yinchuan,CN
IND,39.72,-86.29,Indianapolis,US
INF,19.62,5.87,In Guezzam,DZ
INH,-23.88,35.41,Inhambane,MZ
INI,43.34,21.86,Niš,RS
INL,48.57,-93.4,International Falls,US
INN,47.26,11.34,Innsbruck,AT
INO,-1.95,18.29,Inongo,CD
INQ,53.06,-9.51,Inis Oírr,IE
INT,36.1,-80.24,Winston-Salem,US
INU,-0.55,166.92,Yaren,NR
INV,57.54,-4.05,Inverness,GB
INZ,27.25,2.51,In Salah,DZ
IOA,39.7,20.82,Ioannina,GR
IOM,54.08,-4.62,Castletown,IM
IOR,53.11,-9.65,Inis Mór,IE
IOS,-14.82,-39.03,Ilhéus,BR
IPC,-27.17,-109.42,Isla De Pascua,CL
IPH,4.57,101.09,Ipoh,MY
IPI,0.86,-77.67,Ipiales,CO
IPL,32.84,-115.57,Imperial,US
IPN,-19.47,-42.49,Ipatinga,BR
IPT,41.24,-76.92,Williamsport,US
IPZ,9.34,-83.73,San Isidro de El General,CR
IQM,38.23,85.47,Qiemo,CN
IQN,35.8,107.6,Qingyang (Xifeng),CN
IQQ,-20.54,-70.18,Iquique,CL
IQT,-3.78,-73.31,Iquitos,PE
IRA,-10.45,161.9,Kirakira,SB
IRC,65.83,-144.08,Circle,US
IRG,-12.79,143.3,Lockhart River,AU
IRI,-7.77,35.69,Iringa,TZ
IRJ,-29.38,-66.8,La Rioja,AR
IRK,40.09,-92.54,Kirksville,US
IRM,63.2,64.43,Igrim,RU
IRP,2.83,27.59,Isiro,CD
IRZ,-0.38,-64.99,Santa Isabel do Rio Negro,BR
ISA,-20.67,139.49,Mount Isa,AU
ISB,33.55,72.83,Attock,PK
ISC,49.91,-6.29,"St. Mary's, Isles of Scilly",GB
ISE,37.86,30.37,Isparta,TR
ISG,24.4,124.25,Ishigaki,JP
ISK,20.12,73.91,Nashik,IN
ISN,48.16,-103.63,Williston,US
ISP,40.8,-73.1,Islip,US
IST,41.27,28.73,Istanbul,TR
ISU,35.56,45.32,Sulaymaniyah,IQ
ITB,-4.24,-56.0,Itaituba,BR
ITH,42.49,-76.46,Ithaca,US
ITM,34.78,135.44,Osaka,JP
ITO,19.72,-155.05,Hilo,US
ITU,45.26,147.96,Kurilsk,RU
IUE,-19.08,-169.92,Alofi,NU
IVC,-46.41,168.31,Invercargill,NZ
IVL,68.61,27.41,Ivalo,FI
IVR,-29.88,151.14,Inverell,AU
IWA,56.94,40.94,Ivanovo,RU
IWD,46.53,-90.13,Ironwood,US
IWJ,34.68,131.79,Masuda,JP
IWK,34.15,132.25,Iwakuni,JP
IXA,23.89,91.24,Agartala,IN
IXB,26.68,88.33,Siliguri,IN
IXC,30.67,76.79,Chandigarh,IN
IXD,25.44,81.73,Allahabad,IN
IXE,12.95,74.89,Mangaluru,IN
IXG,15.86,74.62,Belgaum,IN
IXI,27.3,94.1,Lilabari,IN
IXJ,32.69,74.84,Jammu,IN
IXK,21.32,70.27,Keshod,IN
IXL,34.14,77.55,Leh,IN
IXM,9.83,78.09,Madurai,IN
IXP,32.23,75.63,Pathankot,IN
IXR,23.31,85.32,Ranchi,IN
IXS,24.91,92.98,Silchar,IN
IXU,19.86,75.4,Aurangabad,IN
IXY,23.11,70.1,Kandla,IN
IXZ,11.64,92.73,Port Blair,IN
IYO,38.41,67.96,Sariosiyo,UZ
IZA,-21.51,-43.17,Juiz de Fora,BR
IZM,38.42,27.14,Izmir,TR
IZO,35.41,132.89,Izumo,JP
IZT,16.45,-95.09,Ixtepec,MX
JAC,43.61,-110.74,Jackson,US
JAE,-5.59,-78.77,Jaén,PE
JAF,9.79,80.07,Jaffna,LK
JAI,26.82,75.81,Jaipur,IN
JAN,32.31,-90.08,Jackson,US
JAU,-11.78,-75.47,Jauja,PE
JAV,69.24,-51.06,Ilulissat,GL
JAX,30.49,-81.69,Jacksonville,US
JBB,-8.24,113.69,Jember,ID
JBK,44.17,89.55,Qitai,CN
JBQ,18.57,-69.99,La Isabela,DO
JBR,35.83,-90.65,Jonesboro,US
JCK,-20.67,141.72,Julia Creek Airport,AU
JCL,48.95,14.43,České Budějovice,CZ
JDF,-21.79,-43.39,Juiz de Fora,BR
JDH,26.25,73.05,Jodhpur,IN
JDO,-7.22,-39.27,Juazeiro do Norte,BR
JDZ,29.34,117.18,Jingdezhen,CN
JED,21.68,39.16,Jeddah,SA
JEE,18.66,-74.17,Carrefour Sanon,HT
JEG,68.72,-52.78,Aasiaat,GL
JEJ,7.57,168.96,Ailinglapalap Atoll,MH
JEK,-15.6,29.57,Jeki,ZM
JER,49.21,-2.2,St. Peter,JE
JFK,40.64,-73.78,New York,US
JFR,62.01,-49.67,Paamiut,GL
JGA,22.47,70.01,Jamnagar,IN
JGB,19.07,82.04,Jagdalpur,IN
JGD,50.37,124.12,Jiagedaqi,CN
JGN,39.86,98.34,Jiayuguan,CN
JGS,26.86,114.74,Ji'an,CN
JHB,1.64,103.67,Johor Bahru,MY
JHG,21.97,100.76,Jinghong (Gasa),CN
JHM,20.96,-156.67,Lahaina,US
JHS,66.95,-53.73,Sisimiut,GL
JHW,42.15,-79.26,Jamestown,US
JIB,11.55,43.16,Djibouti City,DJ
JIC,38.54,102.35,Jinchang,CN
JIJ,9.33,42.91,Jijiga,ET
JIK,37.68,26.35,Ikaria Island,GR
JIM,7.67,36.82,Jimma,ET
JIO,-8.14,127.91,Tiakur,ID
JIQ,29.51,108.83,Qianjiang,CN
JIU,29.48,115.8,Jiujiang,CN
JJD,-2.91,-40.36,Cruz,BR
JJG,-28.68,-49.06,Jaguaruna,BR
JJM,0.17,38.2,Meru-Kinna,KE
JJN,24.8,118.59,Quanzhou,CN
JJU,60.76,-46.07,Qaqortoq,GL
JKG,57.76,14.07,Jönköping,SE
JKH,38.34,26.14,Chios Island,GR
JKL,36.96,26.94,Kalymnos Island,GR
JKR,26.71,85.92,Janakpur,NP
JKT,-6.21,106.85,Jakarta,ID
JLG,20.96,75.63,Jalgaon,IN
JLN,37.15,-94.5,Joplin,US
JLR,23.18,80.05,Jabalpur,IN
JMA,-20.26,-42.03,Manhuaçu,BR
JMJ,22.42,99.78,Pu'er (Lancang),CN
JMK,37.44,25.35,Mykonos,GR
JMO,28.78,83.72,Jomsom,NP
JMS,46.93,-98.68,Jamestown,US
JMU,46.84,130.46,Jiamusi,CN
JNB,-26.14,28.25,Johannesburg,ZA
JNG,35.65,116.74,Jining,CN
JNH,30.7,120.66,"Xiuzhou, Hangzhou",CN
JNJ,19.5,57.63,Duqm,OM
JNU,58.35,-134.57,Juneau,US
JNX,37.08,25.37,Naxos,GR
JNZ,40.94,121.28,Jinzhou (Linghai),CN
JOE,62.66,29.62,Joensuu,FI
JOG,-7.79,110.43,Yogyakarta,ID
JOI,-26.22,-48.8,Joinville,BR
JOK,56.64,47.88,Yoshkar-Ola,RU
JOL,6.05,121.01,Jolo,PH
JOS,9.64,8.87,Jos,NG
JPA,-7.15,-34.95,João Pessoa,BR
JPE,-3.02,-47.32,Paragominas,BR
JPR,-10.87,-61.85,Ji-Paraná,BR
JQA,70.73,-52.7,Uummannaq,GL
JQE,7.5,-78.17,Jaque,PA
JRG,21.91,84.05,Jharsuguda Airport,IN
JRH,26.73,94.18,Jorhat,IN
JRO,-3.43,37.07,Arusha,TZ
JSA,26.89,70.86,Jaisalmer Airport,IN
JSH,35.22,26.1,Crete Island,GR
JSI,39.18,23.5,Skiathos,GR
JSJ,47.11,132.66,Jiansanjiang,CN
JSK,25.65,57.8,Bandar-e-Jask,IR
JSR,23.18,89.16,Jashore (Jessore),BD
JST,40.32,-78.83,Johnstown,US
JSU,65.41,-52.94,Maniitsoq,GL
JSY,37.42,24.95,Syros Island,GR
JTC,-22.16,-49.07,Bauru,BR
JTR,36.4,25.48,Santorini Island,GR
JTY,36.58,26.38,Astypalaia Island,GR
JUB,4.87,31.6,Juba,SS
JUH,30.74,117.69,Chizhou,CN
JUI,53.68,7.06,Juist,DE
JUJ,-24.39,-65.1,San Salvador de Jujuy,AR
JUL,-15.47,-70.16,Juliaca,PE
JUM,29.27,82.19,Jumla,NP
JUV,72.79,-56.13,Upernavik,GL
JUZ,28.97,118.9,Quzhou (Kezheng),CN
JXA,45.29,131.19,Jixi,CN
JYV,62.4,25.68,Jyväskylän Maalaiskunta,FI
JZH,32.85,103.68,Ngawa (Songpan),CN
KAA,-10.21,31.12,Kasama,ZM
KAB,-16.52,28.89,Kariba,ZW
KAC,37.02,41.19,Qamishli,SY
KAD,10.7,7.32,Kaduna,NG
KAI,5.18,-59.49,Kaieteur Falls,GY
KAJ,64.29,27.69,Kajaani,FI
KAL,64.32,-158.74,Kaltag,US
KAN,12.05,8.52,Kano,NG
KAO,65.99,29.24,Kuusamo,FI
KAT,-35.07,173.29,Awanui,NZ
KAW,10.05,98.54,Kawthoung,MM
KAX,-27.69,114.26,Kalbarri,AU
KAZ,1.17,127.87,Kau,ID
KBC,66.27,-145.82,Birch Creek,US
KBH,-3.84,32.6,Kahama,TZ
KBK,26.74,83.89,Kushinagar,IN
KBL,34.57,69.21,Kabul,AF
KBR,6.17,102.29,Kota Baharu,MY
KBU,-3.29,116.16,Stagen,ID
KBV,8.1,98.99,Krabi,TH
KCA,41.68,82.87,Kuqa,CN
KCG,56.31,-158.37,Chignik,US
KCH,1.49,110.35,Kuching,MY
KCK,57.77,108.06,Kirensk,RU
KCM,37.54,36.95,Kahramanmaraş,TR
KCO,40.75,29.83,Izmit,TR
KCQ,56.26,-158.77,Chignik Lake,US
KCT,5.99,80.32,Galle,LK
KCY,56.18,92.55,Krasnoyarsk,RU
KCZ,33.55,133.67,Nankoku,JP
KDD,27.79,66.65,Khuzdar,PK
KDH,31.51,65.85,Kandahar,AF
KDI,-4.08,122.42,Kendari,ID
KDL,58.99,22.83,Kärdla,EE
KDM,0.49,73.0,Huvadhu Atoll,MV
KDO,1.86,73.52,Kadhdhoo,MV
KDU,35.34,75.54,Skardu,PK
KDV,-19.06,178.16,Vunisea,FJ
KDZ,7.33,80.64,Kandy,LK
KEB,59.35,-151.93,Nanwalek,US
KEF,63.99,-22.61,Reykjavík,IS
KEJ,55.27,86.11,Kemerovo,RU
KEM,65.78,24.58,Kemi / Tornio,FI
KEO,9.49,-7.57,Odienne,CI
KEP,28.1,81.67,Nepalgunj,NP
KER,30.27,56.95,Kerman,IR
KET,21.3,99.64,Kengtung,MM
KEU,-1.59,35.25,Keekorok,KE
KEW,52.99,-92.84,Keewaywin,CA
KFG,-17.43,130.81,Kalkgurung Airport,AU
KFP,54.85,-163.41,False Pass,US
KFS,41.31,33.8,Kastamonu,TR
KFZ,42.08,20.42,Kukes,AL
KGA,-5.9,22.47,Kananga,CD
KGC,-35.71,137.52,Kingscote Airport,AU
KGD,54.89,20.6,Kaliningrad,RU
KGE,-7.33,157.59,Kagau Island,SB
KGF,49.67,73.33,Karaganda,KZ
KGI,-30.79,121.46,Broadwood,AU
KGK,59.73,-157.26,Koliganek,US
KGL,-1.97,30.14,Kigali,RW
KGP,62.19,74.53,Kogalym,RU
KGS,36.79,27.09,Kos Island,GR
KGT,30.14,101.74,Garzê (Kangding),CN
KGX,62.9,-160.07,Grayling,US
KHD,33.44,48.28,Khoram Abad Airport,IR
KHG,39.54,76.02,Kashgar,CN
KHH,22.58,120.35,Kaohsiung (Xiaogang),TW
KHI,24.91,67.16,Karachi,PK
KHK,29.26,50.32,Khark,IR
KHM,25.99,95.67,Kanti,MM
KHN,28.86,115.9,Nanchang,CN
KHS,26.17,56.24,Khasab,OM
KHT,33.28,69.81,Khost,AF
KHV,48.53,135.19,Khabarovsk,RU
KHX,-0.72,29.7,Kihihi,UG
KHZ,-15.78,-145.13,Kauehi,PF
KID,55.92,14.09,Kristianstad,SE
KIE,-6.31,155.73,Kieta,PG
KIF,53.01,-89.86,Kingfisher Lake,CA
KIH,26.53,53.98,Kish Island,IR
KIJ,37.95,139.11,Niigata,JP
KIK,35.47,44.35,Kirkuk,IQ
KIM,-28.81,24.76,Kimberley,ZA
KIN,17.94,-76.79,Kingston,JM
KIO,5.64,169.12,Kili Island,MH
KIR,52.18,-9.52,Farranfore,IE
KIS,-0.09,34.73,Kisumu,KE
KIT,36.27,23.02,Kithira Island,GR
KIX,34.43,135.24,Osaka,JP
KIY,-8.91,39.51,Kilwa Masoko,TZ
KJA,56.18,92.49,Krasnoyarsk,RU
KJB,15.72,78.17,Orvakal,IN
KJH,26.97,107.99,Kaili  (Huangping),CN
KJI,48.22,87.0,Burqin,CN
KJT,-6.65,108.17,Kertajati,ID
KKA,64.94,-161.15,Koyuk,US
KKC,16.47,102.78,Khon Kaen,TH
KKE,-35.26,173.91,Kerikeri,NZ
KKH,59.96,-162.88,Kongiganak,US
KKI,60.91,-161.49,Akiachak,US
KKJ,33.85,131.04,Kitakyushu,JP
KKN,69.73,29.89,Kirkenes,NO
KKQ,65.71,82.46,Krasnoselkup,RU
KKR,-15.66,-146.88,Raitahiti,PF
KKS,33.9,51.58,Kashan,IR
KKW,-5.04,18.79,Kikwit,CD
KKX,28.32,129.93,Kikai,JP
KLB,-14.98,22.64,Kalabo,ZM
KLF,54.51,36.26,Kaluga,RU
KLG,61.54,-160.34,Kalskag,US
KLH,16.66,74.29,Kolhapur,IN
KLN,57.54,-153.98,Larsen Bay,US
KLO,11.68,122.38,Kalibo,PH
KLP,-3.38,112.54,Seruyan,ID
KLR,56.69,16.29,Kalmar,SE
KLU,46.64,14.34,Klagenfurt am Wörthersee,AT
KLV,50.2,12.91,Karlovy Vary,CZ
KLW,55.58,-133.08,Klawock,US
KLX,37.07,22.03,Kalamata,GR
KMA,-7.96,145.77,Kerema,PG
KMC,27.9,45.53,King Khaled Military City,SA
KME,-2.46,28.91,Kamembe,RW
KMG,25.11,102.94,Kunming,CN
KMI,31.88,131.45,Miyazaki,JP
KMJ,32.84,130.85,Kumamoto,JP
KMN,-8.73,24.99,Kamina,CD
KMO,58.93,-158.9,Manokotak,US
KMQ,36.39,136.41,Kanazawa,JP
KMS,6.71,-1.59,Kumasi,GH
KMU,-0.36,42.55,Kismayo,SO
KMV,23.18,94.05,Kalemyo,MM
KMW,57.8,41.02,Kostroma,RU
KNA,-33.02,-71.55,Vina del Mar,CL
KND,-2.92,25.92,Kindu,CD
KNG,-3.64,133.7,Kaimana,ID
KNH,24.43,118.36,Shang-I,TW
KNK,59.43,-154.8,Kokhanok,US
KNO,3.64,98.87,Beringin,ID
KNQ,-21.05,164.84,Koné,NC
KNS,-39.88,143.88,King Island Airport,AU
KNU,26.4,80.41,Kanpur,IN
KNW,59.45,-157.37,New Stuyahok,US
KNX,-15.78,128.71,Kununurra,AU
KNY,58.68,99.18,Kodinsk,RU
KOA,19.74,-156.05,Kailua-Kona,US
KOC,-20.55,164.26,Koumac,NC
KOE,-10.17,123.67,Kupang,ID
KOI,58.96,-2.91,"Kirkwall, Orkney Islands",GB
KOJ,31.8,130.72,Kagoshima,JP
KOK,63.72,23.14,Kokkola / Kruunupyy,FI
KOP,17.38,104.64,Nakhon Phanom,TH
KOS,10.57,103.63,Preah Sihanouk,KH
KOT,63.03,-163.53,Kotlik,US
KOV,53.33,69.59,Kokshetau,KZ
KOW,25.85,114.78,Ganzhou,CN
KOZ,57.94,-152.46,Ouzinkie,US
KPN,59.93,-164.03,Kipnuk,US
KPO,35.99,129.42,Pohang,KR
KPV,55.91,-159.16,Perryville,US
KPW,67.85,166.14,Keperveem,RU
KQA,54.14,-165.6,Akutan,US
KQH,26.59,74.81,Ajmer (Kishangarh),IN
KQR,-29.22,116.69,Karara,AU
KQT,37.87,68.86,Bokhtar,TJ
KRB,-17.46,140.83,Karumba Airport,AU
KRC,-2.09,101.47,Sungai Penuh,ID
KRE,-2.54,30.09,Kirundo,BI
KRF,63.05,17.77,Nyland,SE
KRI,-7.42,144.25,Kikori,PG
KRK,50.08,19.78,Balice,PL
KRL,41.61,86.14,Korla,CN
KRN,67.82,20.34,Kiruna,SE
KRO,55.48,65.42,Kurgan,RU
KRP,56.3,9.1,Karup,DK
KRR,45.03,39.17,Krasnodar,RU
KRS,58.2,8.09,Kristiansand(Kjevik),NO
KRT,15.59,32.55,Khartoum,SD
KRV,50.67,156.12,Severo-Kurilsk,RU
KRW,40.06,53.01,Turkmenbaşy,TM
KRY,45.47,84.95,Karamay,CN
KSA,5.36,162.96,Okat,FM
KSC,48.66,21.24,Košice,SK
KSD,59.44,13.34,Karlstad,SE
KSE,0.17,30.08,Kasese,UG
KSF,51.42,9.39,Calden,DE
KSH,34.35,47.16,Kermanshah,IR
KSJ,35.42,26.91,Kasos Island,GR
KSL,15.39,36.33,Kassala,SD
KSM,62.06,-163.3,St Mary's,US
KSN,53.21,63.55,Kostanay,KZ
KSO,40.45,21.28,Argos Orestiko,GR
KSQ,38.8,65.77,Karshi,UZ
KSR,-6.18,120.44,Benteng,ID
KSU,63.11,7.82,Kvernberget,NO
KSY,40.56,43.12,Kars,TR
KSZ,61.24,46.7,Kotlas,RU
KTA,-20.71,116.77,Karratha,AU
KTD,25.94,131.33,Kitadaitōjima,JP
KTE,4.54,103.43,Kerteh,MY
KTG,-1.82,109.96,Ketapang,ID
KTI,11.36,104.92,Phnom Penh (Boeng Khyang),KH
KTJ,-1.26,35.02,Kichwa Tembo,KE
KTL,1.02,35.0,Kitale,KE
KTM,27.7,85.36,Kathmandu,NP
KTN,55.36,-131.71,Ketchikan,US
KTP,17.99,-76.82,Tinson Pen,JM
KTR,-14.46,132.27,Katherine,AU
KTS,65.33,-166.47,Brevig Mission,US
KTT,67.7,24.85,Kittilä,FI
KTW,50.48,19.08,Katowice,PL
KUA,3.78,103.21,Kuantan,MY
KUD,6.92,116.84,Kudat,MY
KUF,53.5,50.16,Samara,RU
KUG,-10.23,142.22,Kubin Island,AU
KUH,43.04,144.19,Kushiro,JP
KUK,60.87,-162.52,Kasigluk,US
KUL,2.75,101.71,Sepang,MY
KUM,30.39,130.66,Yakushima,JP
KUN,54.96,24.09,Kaunas,LT
KUO,63.01,27.8,Kuopio / Siilinjärvi,FI
KUS,65.57,-37.12,Kulusuk,GL
KUT,42.18,42.49,Kopitnari,GE
KUU,31.88,77.15,Bhuntar,IN
KUV,35.9,126.62,Gunsan,KR
KVA,40.91,24.62,Kavala,GR
KVC,55.12,-162.27,King Cove,US
KVG,-2.58,150.81,Kavieng,PG
KVK,67.46,33.59,Apatity,RU
KVL,67.73,-164.56,Kivalina,US
KVM,64.67,170.42,Markovo,RU
KVO,43.82,20.59,Kraljevo,RS
KVR,44.27,135.04,Kavalerovo,RU
KVX,58.5,49.35,Kirov,RU
KWA,8.72,167.73,Kwajalein,MH
KWB,-5.8,110.48,Karimunjawa,ID
KWE,26.54,106.8,Guiyang (Nanming),CN
KWG,47.91,33.39,Kryvyi Rih,UA
KWI,29.22,47.97,Kuwait City,KW
KWJ,35.12,126.81,Gwangju,KR
KWK,59.88,-163.17,Kwigillingok,US
KWL,25.22,110.04,Guilin (Lingui),CN
KWM,-15.49,141.75,Kowanyama,AU
KWN,59.76,-161.84,Quinhagak,US
KWT,60.79,-161.44,Kwethluk,US
KWZ,-10.77,25.51,Kolwezi,CD
KXB,-4.34,121.52,Kolaka,ID
KXF,-17.35,179.42,Koro Island,FJ
KXK,50.41,136.93,Komsomolsk-on-Amur,RU
KXO,-1.28,29.72,Kisoro,UG
KYA,37.98,32.56,Konya,TR
KYD,22.03,121.54,Orchid Island,TW
KYK,57.57,-154.45,Karluk,US
KYP,19.43,93.53,Kyaukpyu,MM
KYS,14.48,-11.4,Kayes,ML
KYU,64.88,-157.73,Koyukuk,US
KYZ,51.67,94.4,Kyzyl,RU
KZI,40.29,21.84,Kozani,GR
KZN,55.61,49.28,Kazan,RU
KZO,44.71,65.59,Kyzylorda,KZ
KZR,39.11,30.13,Altıntaş,TR
KZS,36.14,29.58,Kastelorizo Island,GR
LAD,-8.86,13.23,Luanda,AO
LAE,-6.57,146.73,Lae,PG
LAF,40.41,-86.94,West Lafayette,US
LAH,-0.62,127.48,Labuha,ID
LAI,48.75,-3.48,Lannion,FR
LAJ,-27.78,-50.28,Lages,BR
LAK,68.22,-135.01,Aklavik,CA
LAL,27.99,-82.02,Lakeland,US
LAN,42.78,-84.59,Lansing,US
LAO,18.18,120.53,Laoag City,PH
LAP,24.07,-110.36,La Paz,MX
LAQ,32.79,21.95,Al Albraq,LY
LAR,41.31,-105.68,Laramie,US
LAS,36.08,-115.15,Las Vegas,US
LAU,-2.25,40.91,Lamu,KE
LAW,34.57,-98.42,Lawton,US
LAX,33.94,-118.41,Los Angeles,US
LBA,53.87,-1.66,"Leeds, West Yorkshire",GB
LBB,33.66,-101.82,Lubbock,US
LBC,53.81,10.72,Lübeck,DE
LBD,40.22,69.69,Khujand,TJ
LBE,40.28,-79.4,Latrobe,US
LBF,41.13,-100.68,North Platte,US
LBJ,-8.48,119.89,"Labuan Bajo, Manggarai Barat",ID
LBL,37.04,-100.96,Liberal,US
LBP,3.2,115.4,Long Banga,MY
LBR,-7.28,-64.77,Lábrea,BR
LBS,-16.47,179.34,Labasa,FJ
LBU,5.3,115.25,Labuan,MY
LBV,0.46,9.41,Libreville,GA
LBW,3.9,115.69,Long Bawan,ID
LCA,34.88,33.62,Larnaca,CY
LCE,15.74,-86.85,La Ceiba,HN
LCG,43.3,-8.38,Culleredo,ES
LCH,30.13,-93.22,Lake Charles,US
LCJ,51.72,19.4,Łódź,PL
LCK,39.81,-82.93,Columbus,US
LCR,-1.46,-72.8,La Chorrera,CO
LCX,25.68,116.75,Longyan (Liancheng),CN
LCY,51.51,0.06,London,GB
LDB,-23.33,-51.13,Londrina,BR
LDE,43.18,-0.01,Tarbes/Lourdes/Pyrénées,FR
LDG,64.9,45.72,Leshukonskoye,RU
LDH,-31.54,159.08,Lord Howe Island,AU
LDS,47.75,129.02,Yichun,CN
LDU,5.03,118.32,Lahad Datu,MY
LDX,5.48,-54.03,Saint-Laurent-du-Maroni,GF
LDY,55.04,-7.16,"Derry, Derry and Strabane",GB
LDZ,-24.8,31.5,Londolozi,ZA
LEA,-22.24,114.09,Exmouth,AU
LEB,43.63,-72.3,Lebanon,US
LEC,-12.48,-41.28,Lençóis,BR
LED,59.8,30.26,St. Petersburg,RU
LEI,36.84,-2.37,Almería,ES
LEJ,51.42,12.23,Schkeuditz,DE
LEL,-12.5,135.81,Lake Evella Airport,AU
LEN,42.59,-5.65,La Virgen del Camino,ES
LEQ,50.1,-5.67,"Land's End, Cornwall",GB
LER,-27.84,120.7,Leinster Airport,AU
LET,-4.19,-69.94,Leticia,CO
LEU,42.34,1.41,La Seu d'Urgell Pyrenees and Andorra,ES
LEV,-17.71,178.76,Bureta,FJ
LEX,38.04,-84.61,Lexington,US
LFM,27.37,53.19,Lamerd,IR
LFQ,36.13,111.64,Linfen (Yaodu),CN
LFR,8.24,-72.27,La Fria,VE
LFT,30.21,-91.99,Lafayette,US
LFW,6.17,1.25,Lomé,TG
LGA,40.78,-73.87,New York,US
LGB,33.82,-118.15,Long Beach,US
LGG,50.64,5.44,Grâce-Hollogne,BE
LGI,23.18,-75.09,Deadman's Cay,BS
LGK,6.33,99.73,Langkawi,MY
LGL,3.42,115.15,Long Datih,MY
LGQ,0.1,-76.88,Lago Agrio,EC
LGW,51.15,-0.19,London,GB
LGZ,28.42,92.35,Shannan,CN
LHE,31.52,74.4,Lahore,PK
LHG,-29.45,147.98,Lightning Ridge Airport,AU
LHL,39.88,46.36,Lachin,AZ
LHN,-19.39,-40.07,Linhares,BR
LHR,51.47,-0.46,London,GB
LHS,-46.54,-68.97,Las Heras,AR
LHW,36.52,103.62,Lanzhou (Yongdeng),CN
LIF,-20.77,167.24,Lifou,NC
LIG,45.86,1.18,Limoges/Bellegarde,FR
LIH,21.97,-159.34,"Lihue, Kauai",US
LIK,9.82,169.31,Likiep Island,MH
LIL,50.57,3.1,Lesquin,FR
LIM,-12.02,-77.11,Lima,PE
LIN,45.45,9.28,Segrate (MI),IT
LIO,9.96,-83.02,Limón,CR
LIR,10.59,-85.54,Liberia,CR
LIS,38.78,-9.14,Lisbon,PT
LIT,34.73,-92.22,Little Rock,US
LIW,19.69,97.21,Loikaw,MM
LJG,26.68,100.24,Lijiang,CN
LJU,46.22,14.46,Zgornji Brnik,SI
LKA,-8.27,123.0,Tiwatobi,ID
LKB,-18.2,-178.82,Lakeba Island,FJ
LKH,3.31,114.79,Long Akah,MY
LKI,2.41,96.33,Lubang,ID
LKL,70.07,24.97,Lakselv,NO
LKM,0.89,124.03,Lolak,ID
LKN,68.15,13.61,Leknes,NO
LKO,26.76,80.89,Lucknow,IN
LKY,-3.5,36.42,Lake Manyara,TZ
LLA,65.54,22.12,Luleå,SE
LLB,25.45,107.96,Qiannan (Libo),CN
LLF,26.34,111.61,Yongzhou,CN
LLI,12.02,39.07,Lalibela,ET
LLK,38.76,48.81,Lankaran,AZ
LLO,-3.08,120.24,Palopo,ID
LLV,37.68,111.14,Lüliang,CN
LLW,-13.79,33.78,Lumbadzi,MW
LMA,63.89,-152.3,Minchumina,US
LMC,2.18,-73.79,La Macarena,CO
LMM,25.69,-109.08,Los Mochis,MX
LMN,4.81,115.01,Limbang,MY
LMP,35.5,12.62,Lampedusa,IT
LMT,42.16,-121.74,Klamath Falls,US
LMU,2.92,105.75,Jemaja Island,ID
LMY,-7.01,141.49,Lake Murray,PG
LNB,-16.58,168.16,Lamen Bay,VU
LNE,-15.87,168.17,Lonorore,VU
LNJ,23.74,100.03,Lincang,CN
LNK,40.84,-96.76,Lincoln,US
LNL,33.79,105.79,Longnan (Cheng),CN
LNO,-28.88,121.32,Leonora,AU
LNS,40.12,-76.3,Lancaster,US
LNU,3.58,116.62,Malinau,ID
LNV,-3.04,152.63,Londolovit,PG
LNY,20.79,-156.95,Lanai City,US
LNZ,48.24,14.19,Linz,AT
LOD,-15.31,167.97,Longana,VU
LOE,17.44,101.72,Loei Airport,TH
LOH,-4.0,-79.37,La Toma (Catamayo),EC
LOK,3.15,35.6,Lodwar,KE
LON,51.51,-0.13,London,GB
LOO,33.76,2.93,Laghouat,DZ
LOP,-8.76,116.28,"Mataram (Pujut, Lombok Tengah)",ID
LOS,6.58,3.32,Lagos,NG
LPA,27.93,-15.39,Gran Canaria Island,ES
LPB,-16.51,-68.19,La Paz / El Alto,BO
LPD,-1.32,-69.58,La Pedrera,CO
LPF,26.61,104.98,Liupanshui (Zhongshan),CN
LPI,58.4,15.68,Linköping,SE
LPK,52.62,39.6,Lipetsk,RU
LPL,53.33,-2.85,Liverpool,GB
LPM,-16.46,167.83,Lamap,VU
LPP,61.04,28.14,Lappeenranta,FI
LPQ,19.9,102.17,Luang Phabang,LA
LPS,48.48,-122.94,Lopez,US
LPT,18.27,99.5,Lampang Airport,TH
LPU,1.71,114.97,Long Apung-Borneo Island,ID
LPX,56.5,21.01,Liepaja,LV
LPY,45.08,3.76,"Chaspuzac, Haute-Loire",FR
LQM,-0.18,-74.77,Puerto Leguízamo,CO
LRD,27.54,-99.46,Laredo,US
LRE,-23.43,144.28,Longreach,AU
LRH,46.18,-1.2,La Rochelle,FR
LRM,18.45,-68.91,La Romana,DO
LRR,27.67,54.38,Lar,IR
LRS,37.18,26.8,Leros Island,GR
LRT,47.75,-3.37,Lorient,FR
LRU,32.29,-106.92,Las Cruces,US
LRV,11.95,-66.67,Gran Roque Island,VE
LSA,-8.51,151.08,Losuia,PG
LSC,-29.92,-71.2,La Serena-Coquimbo,CL
LSE,43.88,-91.26,La Crosse,US
LSG,29.44,103.75,Leshan (Wutongqiao),CN
LSH,22.98,97.75,Lashio,MM
LSI,59.88,-1.3,"Lerwick, Shetland",GB
LSP,11.78,-70.15,Paraguaná,VE
LSR,3.39,97.86,Kutacane,ID
LSS,15.87,-61.58,Terre-de-Haut,GP
LST,-41.54,147.21,Launceston (Western Junction),AU
LSW,5.23,96.95,Lhok Seumawe-Sumatra Island,ID
LSY,-28.83,153.26,Lismore,AU
LTD,30.15,9.7,Ghadames,LY
LTI,46.38,96.22,Altai,MN
LTK,35.4,35.95,Latakia,SY
LTM,3.37,-59.79,Lethem,GY
LTN,51.87,-0.37,"Luton, Luton",GB
LTO,25.99,-111.35,Loreto,MX
LTT,43.21,6.48,Saint-Tropez,FR
LTU,18.41,76.46,Latur,IN
LTX,-0.91,-78.62,Latacunga,EC
LUA,27.69,86.73,Lukla,NP
LUD,-26.69,15.24,Luderitz,NA
LUG,46.0,8.91,Agno,CH
LUH,30.9,75.85,Ludhiana,IN
LUK,39.1,-84.42,Cincinnati,US
LUL,31.69,-89.13,Laurel,US
LUM,24.4,98.53,Dehong (Mangshi),CN
LUN,-15.33,28.45,Lusaka,ZM
LUO,-11.5,20.17,Luena,AO
LUP,21.21,-156.97,Kalaupapa,US
LUQ,-33.27,-66.36,San Luis,AR
LUR,68.88,-166.11,Cape Lisburne,US
LUV,-5.76,132.76,Langgur,ID
LUW,-0.93,122.78,Luwuk,ID
LUX,49.63,6.21,Luxembourg,LU
LUZ,51.24,22.71,Lublin,PL
LVI,-17.82,25.82,Livingstone,ZM
LVO,-28.61,122.43,Laverton,AU
LWB,37.86,-80.4,Lewisburg,US
LWE,-8.5,123.37,Lewoleba,ID
LWK,60.19,-1.24,"Lerwick, Shetland Islands",GB
LWN,40.75,43.86,Gyumri,AM
LWO,49.84,24.03,Lviv,UA
LWS,46.37,-117.01,Lewiston,US
LWY,4.85,115.41,Lawas,MY
LXA,29.3,90.91,Shannan (Gonggar),CN
LXG,20.97,101.4,Luang Namtha,LA
LXR,25.67,32.71,Luxor,EG
LXS,39.92,25.24,Limnos Island,GR
LYA,34.74,112.39,Luoyang (Laocheng),CN
LYB,19.66,-80.08,Little Cayman,KY
LYC,64.55,18.72,Lycksele,SE
LYG,34.41,119.18,Lianyungang,CN
LYH,37.33,-79.2,Lynchburg,US
LYI,35.05,118.41,Linyi (Hedong),CN
LYP,31.36,73.0,Faisalabad,PK
LYR,78.25,15.47,Longyearbyen,NO
LYS,45.73,5.09,"Colombier-Saugnieu, Rhône",FR
LZC,17.96,-102.19,Lazaro Cardenas,MX
LZG,31.5,106.03,Nanchong (Langzhong),CN
LZH,24.21,109.39,Liuzhou (Liujiang),CN
LZN,26.16,119.96,Matsu (Nangan),TW
LZO,29.03,105.47,Luzhou (Yunlong),CN
LZY,29.3,94.34,Nyingchi (Mainling),CN
MAA,12.99,80.17,Chennai,IN
MAB,-5.37,-49.14,Marabá,BR
MAD,40.49,-3.57,Madrid,ES
MAF,31.94,-102.2,Midland,US
MAG,-5.21,145.79,Madang,PG
MAH,39.86,4.22,Mahón (Maó),ES
MAJ,7.07,171.27,Majuro Atoll,MH
MAK,9.56,31.65,Malakal,SS
MAM,25.77,-97.53,Matamoros,MX
MAN,53.35,-2.28,"Manchester, Greater Manchester",GB
MAO,-3.04,-60.05,Manaus,BR
MAQ,16.7,98.55,Mae Sot Airport,TH
MAR,10.56,-71.73,Maracaibo,VE
MAS,-2.06,147.42,Manus Island,PG
MAU,-16.43,-152.24,Maupiti Airport,PF
MAZ,18.26,-67.15,Mayaguez,PR
MBA,-4.03,39.59,Mombasa,KE
MBD,-25.8,25.55,Mafeking,ZA
MBE,44.3,143.4,Monbetsu,JP
MBI,-8.92,33.27,Mbeya,TZ
MBJ,18.5,-77.91,Montego Bay,JM
MBL,44.27,-86.25,Manistee,US
MBS,43.53,-84.08,Freeland,US
MBT,12.37,123.63,Masbate,PH
MBW,-37.98,145.1,Melbourne,AU
MBX,46.48,15.69,Maribor,SI
MBZ,-3.4,-57.7,Maues,BR
MCE,37.28,-120.51,Merced,US
MCG,62.95,-155.61,McGrath,US
MCI,39.3,-94.71,Kansas City,US
MCK,40.21,-100.59,McCook,US
MCN,32.69,-83.65,Macon,US
MCO,28.43,-81.31,Orlando,US
MCP,0.05,-51.07,Macapá,BR
MCT,23.6,58.29,Muscat/Seeb,OM
MCV,-16.44,136.08,McArthur River Mine,AU
MCW,43.16,-93.33,Mason City,US
MCX,42.82,47.65,Makhachkala,RU
MCY,-26.59,153.08,Maroochydore,AU
MCZ,-9.51,-35.79,Maceió,BR
MDC,1.55,124.93,Manado,ID
MDE,6.16,-75.42,Medellín,CO
MDG,44.53,129.57,Mudanjiang,CN
MDI,7.7,8.61,Makurdi,NG
MDK,0.02,18.29,Mbandaka,CD
MDL,21.7,95.98,Mandalay,MM
MDQ,-37.93,-57.57,Mar del Plata,AR
MDT,40.19,-76.76,Harrisburg,US
MDU,-6.15,143.66,Mendi,PG
MDW,41.79,-87.75,Chicago,US
MDZ,-32.83,-68.79,Mendoza,AR
MEB,-37.73,144.9,Essendon Fields,AU
MEC,-0.95,-80.68,Manta,EC
MED,24.55,39.71,Medina,SA
MEE,-21.48,168.04,Maré,NC
MEG,-9.53,16.31,Malanje,AO
MEH,71.03,27.83,Mehamn,NO
MEI,32.33,-88.75,Meridian,US
MEL,-37.67,144.84,Melbourne,AU
MEM,35.04,-89.98,Memphis,US
MEQ,4.04,96.25,Kuala Pesisir,ID
MES,3.6,98.67,Medan,ID
MEU,-0.88,-52.58,Monte Dourado,BR
MEX,19.44,-99.07,Mexico City,MX
MFA,-7.92,39.67,Kilindoni,TZ
MFE,26.18,-98.24,McAllen,US
MFG,34.34,73.51,Muzaffarabad,PK
MFJ,-18.57,179.95,Moala,FJ
MFK,26.22,120.0,Matsu (Beigan),TW
MFM,22.15,113.59,Nossa Senhora do Carmo,MO
MFR,42.37,-122.87,Medford,US
MFU,-13.26,31.94,Mfuwe,ZM
MGA,12.14,-86.17,Managua,NI
MGB,-37.74,140.78,Mount Gambier,AU
MGC,41.7,-86.82,Michigan City,US
MGF,-23.48,-52.02,Maringá,BR
MGH,-30.86,30.34,Margate,ZA
MGM,32.3,-86.39,Montgomery,US
MGQ,2.01,45.3,Mogadishu,SO
MGT,-12.09,134.89,Milingimbi Island,AU
MGW,39.64,-79.92,Morgantown,US
MGZ,12.44,98.62,Mkeik,MM
MHC,-42.34,-73.72,Dalcahue,CL
MHD,36.23,59.64,Mashhad,IR
MHG,49.47,8.51,Mannheim,DE
MHH,26.51,-77.08,Marsh Harbour,BS
MHK,39.14,-96.67,Manhattan,US
MHM,-8.33,160.8,Manaoba,SB
MHQ,60.12,19.9,Mariehamn,FI
MHT,42.93,-71.44,Manchester,US
MHU,-37.05,147.33,Mount Hotham,AU
MHV,35.07,-118.15,Mojave,US
MHX,-10.38,-161.0,Manihiki Island,CK
MIA,25.8,-80.29,Miami,US
MID,20.93,-89.65,Mérida,MX
MIG,31.43,104.74,Mianyang (Fucheng),CN
MII,-22.2,-49.93,Marília,BR
MIJ,6.08,171.73,Mili Island,MH
MIL,45.46,9.19,Milan,IT
MIM,-36.91,149.9,Merimbula,AU
MIR,35.76,10.75,Monastir,TN
MIS,-10.69,152.84,Misima Island,PG
MIU,11.85,13.08,Maiduguri,NG
MJC,7.41,-7.56,Man,CI
MJE,8.16,168.17,Majkin,MH
MJF,65.78,13.21,Mosjøen,NO
MJI,32.89,13.29,Tripoli,LY
MJK,-25.9,113.58,Denham,AU
MJM,-6.12,23.57,Mbuji Mayi,CD
MJN,-15.67,46.35,Mahajanga,MG
MJT,39.06,26.6,Mytilene,GR
MJU,-2.5,118.83,Mamuju,ID
MJY,58.18,94.75,Motygino,RU
MJZ,62.53,114.04,Mirny,RU
MKC,39.1,-94.58,Kansas City,US
MKE,42.95,-87.9,Milwaukee,US
MKG,43.17,-86.24,Muskegon,US
MKK,21.15,-157.1,Kaunakakai,US
MKL,35.6,-88.92,Jackson,US
MKM,2.88,112.04,Mukah,MY
MKP,-16.58,-143.66,Makemo,PF
MKQ,-8.52,140.42,Merauke,ID
MKR,-26.61,118.55,Meekatharra Airport,AU
MKU,0.58,12.89,Makokou,GA
MKW,-0.89,134.05,Manokwari,ID
MKY,-21.17,149.18,Mackay,AU
MKZ,2.27,102.25,Malacca,MY
MLA,35.85,14.49,Valletta,MT
MLB,28.1,-80.64,Melbourne,US
MLE,4.19,73.53,Malé,MV
MLG,-7.93,112.71,Malang,ID
MLI,41.45,-90.51,Moline,US
MLL,61.86,-162.03,Marshall,US
MLM,19.85,-101.03,Morelia,MX
MLN,35.28,-2.96,Melilla,ES
MLO,36.7,24.48,Milos Island,GR
MLU,32.51,-92.04,Monroe,US
MLW,6.29,-10.76,Monrovia,LR
MLX,38.44,38.09,Malatya,TR
MLY,64.99,-150.64,Manley Hot Springs,US
MMA,55.61,13.0,Malmo,SE
MMB,43.88,144.16,Ōzora,JP
MMD,25.85,131.26,Minamidaito,JP
MME,54.51,-1.43,"Darlington, Durham",GB
MMG,-28.12,117.84,Mount Magnet Airport,AU
MMH,37.63,-118.84,Mammoth Lakes,US
MMJ,36.17,137.92,Matsumoto,JP
MMK,68.78,32.75,Murmansk,RU
MMO,15.16,-23.21,Vila do Maio,CV
MMU,40.8,-74.42,Morristown,US
MMX,55.54,13.38,Malmö,SE
MMY,24.78,125.29,Miyakojima,JP
MNC,-14.49,40.71,Nacala,MZ
MNF,-17.67,177.1,Mana Island,FJ
MNG,-12.06,134.23,Maningrida,AU
MNI,16.79,-62.19,Gerald's Park,MS
MNJ,-21.2,48.36,Mananjary,MG
MNL,14.51,121.02,Manila (Pasay),PH
MNS,-11.12,28.87,Mansa,ZM
MNT,65.15,-149.37,Minto,US
MNU,16.44,97.66,Mawlamyine,MM
MNX,-5.81,-61.28,Manicoré,BR
MNY,-7.42,155.57,Stirling Island,SB
MOB,30.69,-88.24,Mobile,US
MOC,-16.71,-43.82,Montes Claros,BR
MOD,37.64,-121.0,Modesto,US
MOF,-8.64,122.24,Waioti,ID
MOG,20.52,99.26,Mong Hsat,MM
MOH,-2.2,121.66,Morowali,ID
MOI,-19.84,-157.7,Mitiaro Island,CK
MOJ,5.61,-54.4,Moengo,SR
MOK,43.77,59.03,Muynak,UZ
MOL,62.74,7.26,Årø,NO
MOQ,-20.28,44.32,Morondava,MG
MOT,48.26,-101.28,Minot,US
MOU,62.1,-163.68,Mountain Village,US
MOV,-22.06,148.08,Moranbah,AU
MOW,55.76,37.62,Moscow,RU
MOZ,-17.49,-149.76,Moorea-Maiao,PF
MPA,-17.63,24.18,Mpacha,NA
MPC,-2.54,101.09,Muko Muko,ID
MPH,11.92,121.95,Caticlan,PH
MPL,43.58,3.96,Montpellier/Méditerranée,FR
MPM,-25.92,32.57,Maputo,MZ
MPN,-51.82,-58.45,Mount Pleasant,FK
MPV,44.2,-72.57,Montpelier,US
MPY,3.66,-54.04,Maripasoula,GF
MQC,47.1,-56.38,Miquelon,PM
MQF,53.39,58.76,Magnitogorsk,RU
MQJ,66.45,143.26,Khonuu,RU
MQL,-34.23,142.09,Mildura,AU
MQM,37.22,40.63,Mardin,TR
MQN,66.36,14.3,Mo i Rana,NO
MQP,-25.38,31.11,Mbombela,ZA
MQS,12.89,-61.18,Lovell,VC
MQT,46.35,-87.4,Gwinn,US
MQX,13.47,39.53,Mekele,ET
MRA,32.33,15.06,Misrata,LY
MRE,-1.4,35.01,Serena,KE
MRI,61.21,-149.84,Anchorage,US
MRS,43.44,5.21,"Marignane, Bouches-du-Rhône",FR
MRU,-20.43,57.68,Plaine Magnien,MU
MRV,44.23,43.08,Mineralnyye Vody,RU
MRX,30.56,49.15,Mahshahr,IR
MRY,36.59,-121.84,Monterey,US
MRZ,-29.5,149.85,Moree,AU
MSA,53.44,-91.76,Muskrat Dam,CA
MSH,20.68,58.89,Masirah,OM
MSJ,40.7,141.37,Misawa,JP
MSL,34.75,-87.61,Muscle Shoals,US
MSN,43.14,-89.34,Madison,US
MSO,46.92,-114.09,Missoula,US
MSP,44.88,-93.22,Minneapolis,US
MSQ,53.89,28.04,Minsk,BY
MSR,38.75,41.66,Muş,TR
MSS,44.94,-74.84,Massena,US
MST,50.91,5.77,Maastricht,NL
MSU,-29.46,27.55,Maseru(Mazenod),LS
MSY,29.99,-90.26,New Orleans,US
MSZ,-15.26,12.15,Moçâmedes,AO
MTB,8.07,-75.47,Monte Libano,CO
MTF,6.96,35.55,Mizan Teferi,ET
MTJ,38.51,-107.89,Montrose,US
MTP,41.08,-71.92,Montauk,US
MTR,8.82,-75.83,Montería,CO
MTS,-26.51,31.37,Manzini,SZ
MTT,18.1,-94.58,Cosoleacaque,MX
MTY,25.78,-100.11,Monterrey,MX
MUA,-8.33,157.26,Munda,SB
MUB,-19.97,23.43,Maun,BW
MUC,48.35,11.79,Munich,DE
MUE,20.0,-155.67,Waimea (Kamuela),US
MUH,31.32,27.22,Marsa Matruh,EG
MUK,-20.14,-157.35,Mauke Island,CK
MUN,9.75,-63.15,Maturín,VE
MUR,4.18,114.33,Marudi,MY
MUX,30.2,71.42,Multan,PK
MUZ,-1.5,33.8,Musoma,TZ
MVB,-1.66,13.44,Franceville,GA
MVD,-34.84,-56.03,Ciudad de la Costa,UY
MVE,44.95,-95.72,Montevideo,US
MVF,-5.2,-37.36,Mossoró,BR
MVP,1.25,-70.23,Mitú,CO
MVQ,53.95,30.1,Mogilev,BY
MVR,10.45,14.26,Maroua,CM
MVT,-14.87,-148.72,Mataiva Airport,PF
MVY,41.39,-70.61,Martha's Vineyard,US
MWA,37.75,-89.02,Marion,US
MWL,32.78,-98.06,Mineral Wells,US
MWQ,20.17,94.94,Magway,MM
MWX,34.99,126.38,Muan (Piseo-ri),KR
MWZ,-2.45,32.94,Mwanza,TZ
MXH,-6.36,143.24,Moro,PG
MXJ,9.58,6.55,Minna,NG
MXL,32.63,-115.24,Mexicali,MX
MXP,45.63,8.73,Ferno (VA),IT
MXV,49.66,100.1,Mörön,MN
MXW,45.74,106.27,Mandalgobi,MN
MXX,60.96,14.51,Mora,SE
MXZ,24.26,116.1,Meizhou (Meixian),CN
MYA,-35.9,150.14,Moruya,AU
MYD,-3.23,40.1,Malindi,KE
MYE,34.07,139.56,Miyakejima,JP
MYG,22.38,-73.01,Abraham Bay Settlement,BS
MYI,-9.92,144.05,Murray Island,AU
MYJ,33.83,132.7,Matsuyama,JP
MYK,61.34,-142.69,May Creek,US
MYL,44.89,-116.1,McCall,US
MYP,37.62,61.9,Mary,TM
MYQ,12.23,76.65,Mysore,IN
MYR,33.68,-78.93,Myrtle Beach,US
MYT,25.38,97.35,Myitkyina,MM
MYU,60.37,-166.27,Mekoryuk,US
MYW,-10.34,40.18,Mtwara,TZ
MYY,4.32,113.99,Miri,MY
MZG,23.57,119.63,Huxi,TW
MZH,40.83,35.52,Amasya,TR
MZI,14.51,-4.08,Sévaré,ML
MZL,5.03,-75.46,Manizales,CO
MZO,20.29,-77.09,Manzanillo,CU
MZQ,-27.63,32.04,Mkuze,ZA
MZR,36.7,67.21,Mazar-i-Sharif,AF
MZS,28.82,78.92,Moradabad,IN
MZT,23.16,-106.26,Mazatlàn,MX
MZV,4.05,114.81,Mulu,MY
MZW,33.54,-0.24,Mecheria,DZ
NAA,-30.32,149.83,Narrabri,AU
NAG,21.09,79.05,Nagpur,IN
NAH,3.68,125.53,"Tabukan Utara, Sangihe Islands",ID
NAJ,39.19,45.46,Nakhchivan,AZ
NAL,43.51,43.64,Nalchik,RU
NAM,-3.14,126.98,Namniwel,ID
NAN,-17.76,177.44,Nadi,FJ
NAO,30.8,106.16,Nanchong (Gaoping),CN
NAP,40.89,14.29,Napoli,IT
NAQ,77.49,-69.39,Qaanaaq,GL
NAS,25.04,-77.47,Nassau,BS
NAT,-5.77,-35.37,Natal,BR
NAU,-14.18,-141.27,Napuka Island,PF
NAV,38.77,34.53,Nevşehir,TR
NAW,6.52,101.74,Narathiwat Airport,TH
NBC,55.56,52.09,Nizhnekamsk,RU
NBE,36.08,10.44,Enfidha,TN
NBJ,-9.05,13.5,Luanda (Ícolo e Bengo),AO
NBN,-1.41,5.62,San Antonio de Palé,GQ
NBO,-1.32,36.93,Nairobi,KE
NBS,42.07,127.6,Baishan,CN
NBX,-3.37,135.43,Nabire,ID
NCA,21.92,-71.94,North Caicos,TC
NCE,43.66,7.22,"Nice, Alpes-Maritimes",FR
NCL,55.04,-1.69,"Newcastle upon Tyne, Tyne and Wear",GB
NCN,60.08,-147.99,Chenega,US
NCS,-27.71,30.0,Newcastle,ZA
NCU,42.49,59.62,Nukus,UZ
NCY,45.93,6.1,Annecy,FR
NDB,20.93,-17.03,Nouadhibou,MR
NDC,19.18,77.32,Nanded,IN
NDG,47.23,123.91,Qiqihar,CN
NDJ,12.13,15.03,N'Djamena,TD
NDR,34.99,-3.03,Al Aaroui,MA
NDU,-17.96,19.72,Rundu,NA
NDY,59.25,-2.58,Sanday,GB
NEC,-38.49,-58.82,Necochea,AR
NEI,45.03,136.6,Terney,RU
NEK,9.07,36.5,Nekemte,ET
NER,56.91,124.91,Neryungri,RU
NEU,20.42,104.07,Sam Neua,LA
NEV,17.21,-62.59,Charlestown,KN
NGB,29.83,121.46,Ningbo,CN
NGE,7.36,13.56,N'Gaoundéré,CM
NGI,-18.12,179.34,Ngau,FJ
NGK,51.78,143.14,Nogliki,RU
NGL,-24.39,31.32,Ngala,ZA
NGO,34.86,136.8,Tokoname,JP
NGQ,32.1,80.05,Shiquanhe,CN
NGS,32.92,129.91,Nagasaki,JP
NHA,12.24,109.2,Nha Trang,VN
NHV,-8.8,-140.23,Nuku Hiva,PF
NIB,63.02,-154.36,Nikolai,US
NIF,-21.68,121.59,Nifty,AU
NIM,13.48,2.18,Niamey,NE
NIU,-16.12,-146.37,Naiu Atoll,PF
NJC,60.95,76.48,Nizhnevartovsk,RU
NJF,31.99,44.41,Najaf,IQ
NKC,18.31,-15.97,Nouakchott,MR
NKG,31.74,118.87,Nanjing,CN
NKM,35.26,136.92,Nagoya,JP
NKT,37.36,42.06,Şırnak,TR
NLA,-12.97,28.52,Ndola,ZM
NLD,27.44,-99.57,Nuevo Laredo,MX
NLF,-9.58,143.78,Darnley Island,AU
NLG,56.01,-161.16,Nelson Lagoon,US
NLH,27.54,100.76,Ninglang,CN
NLI,53.15,140.65,Nikolayevsk-na-Amure Airport,RU
NLK,-29.04,167.94,Burnt Pine,NF
NLP,-25.48,30.97,Nelspruit,ZA
NLT,43.43,83.38,Xinyuan,CN
NLU,19.74,-99.02,Mexico City,MX
NLV,46.98,31.99,Mykolaiv,UA
NMA,40.98,71.56,Namangan,UZ
NME,60.47,-164.7,Nightmute,US
NMF,5.82,73.47,Noonu Atoll,MV
NMI,18.98,73.07,Navi Mumbai,IN
NNB,-10.85,162.45,Santa Ana Island,SB
NNG,22.6,108.18,Nanning (Jiangnan),CN
NNM,67.64,53.12,Naryan Mar,RU
NNR,53.23,-9.47,Inverin,IE
NNT,18.81,100.78,Nan Airport,TH
NNY,32.98,112.62,Nanyang (Wancheng),CN
NOB,9.98,-85.65,Nicoya,CR
NOC,53.91,-8.82,Charlestown,IE
NOD,53.63,7.19,Norddeich,DE
NOJ,63.18,75.27,Noyabrsk,RU
NOP,42.02,35.07,Sinop,TR
NOS,-13.31,48.31,Nosy Be,MG
NOU,-22.01,166.21,Nouméa (La Tontouta),NC
NOV,-12.81,15.76,Huambo,AO
NOZ,53.81,86.88,Novokuznetsk,RU
NPE,-39.47,176.87,Napier,NZ
NPL,-39.01,174.18,New Plymouth,NZ
NPO,-0.35,111.75,Nanga Pinoh-Borneo Island,ID
NPT,41.53,-71.28,Newport,US
NQN,-38.95,-68.16,Neuquén,AR
NQT,52.96,-1.15,Nottingham,GB
NQU,5.71,-77.26,Nuquí,CO
NQY,50.44,-5.0,Newquay,GB
NQZ,51.03,71.47,Astana,KZ
NRA,-34.7,146.51,Narrandera,AU
NRD,53.71,7.23,Norderney,DE
NRK,58.59,16.25,Norrköping,SE
NRL,59.37,-2.43,North Ronaldsay,GB
NRN,51.6,6.14,Weeze,DE
NRR,18.25,-65.64,Ceiba,PR
NRT,35.77,140.39,Narita,JP
NSH,36.66,51.46,Nowshahr,IR
NSI,3.72,11.55,Yaoundé,CM
NSK,69.31,87.33,Norilsk,RU
NSN,-41.3,173.22,Nelson,NZ
NSR,-9.02,-42.7,Sao Raimundo Nonato,BR
NST,8.54,99.94,Nakhon Si Thammarat,TH
NTB,59.58,9.28,Notodden,NO
NTC,-21.62,35.34,Santa Carolina,MZ
NTE,47.15,-1.61,Nantes,FR
NTG,32.07,120.98,Nantong (Tongzhou),CN
NTL,-32.8,151.84,Williamtown,AU
NTN,-17.68,141.07,Normanton,AU
NTQ,37.29,136.96,Wajima,JP
NTT,-15.98,-173.79,Niuatoputapu,TO
NTX,3.91,108.39,Ranai-Natuna Besar Island,ID
NTY,-25.34,27.09,Sun City,ZA
NUE,49.5,11.08,Nuremberg,DE
NUF,6.89,80.6,Hatton,LK
NUI,70.21,-151.01,Nuiqsut,US
NUL,64.73,-158.07,Nulato,US
NUM,27.92,35.29,Sharma,SA
NUP,60.91,-162.44,Nunapitchuk,US
NUS,-16.08,167.4,Norsup,VU
NUX,66.07,76.52,Novy Urengoy,RU
NVA,2.95,-75.29,Neiva,CO
NVI,40.12,65.17,Navoi,UZ
NVT,-26.88,-48.65,Navegantes,BR
NWI,52.68,1.28,"Norwich, Norfolk",GB
NYA,62.11,65.61,Nyagan,RU
NYC,40.71,-74.01,New York,US
NYI,7.36,-2.33,Sunyani,GH
NYK,-0.06,37.04,Gathiuru,KE
NYM,65.48,72.7,Nadym,RU
NYO,58.79,16.91,Nyköping,SE
NYR,63.28,118.33,Nyurba,RU
NYT,19.62,96.2,Naypyitaw,MM
NYU,21.18,94.93,Nyaung U,MM
NZC,-14.85,-74.96,Nazca,PE
NZG,55.8,109.6,Nizhneangarsk,RU
NZH,49.57,117.33,Manzhouli,CN
NZL,47.87,122.77,Zhalantun,CN
OAG,-33.38,149.12,Orange,AU
OAJ,34.83,-77.61,Richlands,US
OAK,37.72,-122.22,Oakland,US
OAL,-11.5,-61.45,Cacoal,BR
OAX,17.0,-96.73,Oaxaca,MX
OBN,56.46,-5.4,North Connel,GB
OBO,42.73,143.22,Obihiro,JP
OBU,66.91,-156.9,Kobuk,US
OBX,-7.59,141.32,Obo,PG
OCC,-0.46,-76.99,Coca,EC
OCE,38.31,-75.12,Ocean City,US
OCJ,18.4,-76.97,Boscobel,JM
OCS,0.91,9.33,Corisco Island,GQ
ODB,37.84,-4.85,Córdoba,ES
ODE,55.48,10.33,Odense,DK
ODN,3.98,115.07,Long Seridan,MY
ODO,57.87,114.24,Bodaybo,RU
ODS,46.48,30.72,Odesa,UA
ODY,20.68,101.99,Oudomsay,LA
OEC,-9.2,124.34,Oecussi-Ambeno,TL
OER,63.41,18.99,Örnsköldsvik,SE
OES,-40.75,-65.03,San Antonio Oeste,AR
OFU,-14.18,-169.67,Ofu,AS
OGD,41.2,-112.01,Ogden,US
OGG,20.9,-156.43,Kahului,US
OGL,6.81,-58.11,Ogle,GY
OGN,24.47,122.98,Yonaguni,JP
OGS,44.68,-75.47,Ogdensburg,US
OGU,40.97,38.09,Ordu,TR
OGX,31.92,5.41,Ouargla,DZ
OGZ,43.21,44.61,Beslan,RU
OHD,41.18,20.74,Ohrid,MK
OHE,52.92,122.42,Mohe,CN
OHH,53.52,142.88,Okha,RU
OHO,59.41,143.06,Okhotsk,RU
OHS,24.39,56.63,Suhar,OM
OIA,-6.76,-51.05,Ourilandia do Norte       ,BR
OIM,34.78,139.36,Izu Oshima,JP
OIR,42.07,139.43,Okushiri Island,JP
OIT,33.48,131.74,Oita,JP
OJU,-0.87,121.63,Tojo Una-Una,ID
OKA,26.19,127.64,Naha,JP
OKC,35.39,-97.6,Oklahoma City,US
OKD,43.12,141.38,Sapporo,JP
OKE,27.43,128.71,Wadomari,JP
OKI,36.18,133.32,Okinoshima,JP
OKJ,34.76,133.85,Okayama,JP
OKL,-4.91,140.63,Oksibil,ID
OKR,-9.75,143.41,Yorke Island,AU
OKY,-27.41,151.74,Oakey Army Aviation Centre,AU
OLA,63.7,9.6,Ørland,NO
OLB,40.9,9.52,Olbia (SS),IT
OLF,48.09,-105.57,Wolf Point,US
OLH,57.22,-153.27,Old Harbor,US
OLJ,-14.88,166.56,Olpoi,VU
OLM,46.97,-122.9,Olympia,US
OLP,-30.48,136.88,Olympic Dam,AU
OLZ,60.4,120.48,Olyokminsk,RU
OMA,41.3,-95.89,Omaha,US
OMD,-28.59,16.45,Oranjemund,NA
OME,64.51,-165.45,Nome,US
OMH,37.67,45.07,Urmia,IR
OMN,40.01,68.41,Zomin,UZ
OMO,43.28,17.85,Mostar,BA
OMR,47.03,21.9,Oradea,RO
OMS,54.96,73.31,Omsk,RU
OND,-17.88,15.95,Ondangwa,NA
ONG,-16.66,139.18,Mornington Island Airport,AU
ONJ,40.19,140.37,Kitaakita,JP
ONK,68.5,112.47,Olenyok,RU
ONO,44.02,-117.01,Ontario,US
ONQ,41.51,32.09,Zonguldak,TR
ONS,-21.67,115.1,Onslow,AU
ONT,34.06,-117.6,Ontario,US
ONX,9.36,-79.87,Colón,PA
OOK,60.54,-165.09,Toksook Bay,US
OOL,-28.17,153.51,Gold Coast,AU
OOM,-36.3,148.97,Cooma,AU
OPF,25.91,-80.28,Miami,US
OPO,41.25,-8.68,Porto,PT
OPP,-0.7,-47.34,Salinópolis,BR
OPS,-11.89,-55.59,Sinop,BR
OPU,-8.05,142.93,Balimo,PG
OQN,40.53,70.94,Kokand,UZ
ORB,59.22,15.04,Örebro,SE
ORD,41.98,-87.9,Chicago,US
ORF,36.9,-76.2,Norfolk,US
ORG,5.81,-55.19,Paramaribo,SR
ORH,42.27,-71.88,Worcester,US
ORI,57.88,-152.85,Port Lions,US
ORK,51.84,-8.49,Cork,IE
ORL,28.53,-81.39,Orlando,US
ORN,35.62,-0.62,Es-Sénia,DZ
ORT,62.96,-141.93,Northway,US
ORU,-17.96,-67.08,Oruro,BO
ORV,66.82,-161.02,Noorvik,US
ORY,48.73,2.36,"Paris (Orly, Val-de-Marne)",FR
ORZ,18.05,-88.58,Orange Walk,BZ
OSA,34.69,135.5,Osaka,JP
OSD,63.19,14.5,Östersund,SE
OSI,45.46,18.81,Osijek(Klisa),HR
OSL,60.19,11.1,Oslo (Gardermoen),NO
OSR,49.7,18.11,Mošnov,CZ
OSS,40.61,72.79,Osh,KG
OST,51.2,2.87,Oostende,BE
OSW,51.07,58.6,Orsk,RU
OSY,64.47,11.58,Namsos,NO
OTD,8.63,-79.03,Contadora Island,PA
OTH,43.42,-124.25,North Bend,US
OTI,2.83,128.5,Pitu,ID
OTP,44.57,26.1,Otopeni,RO
OTS,48.5,-122.66,Anacortes,US
OTZ,66.88,-162.6,Kotzebue,US
OUA,12.35,-1.51,Ouagadougou,BF
OUD,34.79,-1.93,Ahl Angad,MA
OUI,48.46,-5.06,Ushant,FR
OUL,64.93,25.35,Oulu / Oulunsalo,FI
OUZ,22.76,-12.48,Zouérate,MR
OVB,55.02,82.62,Novosibirsk,RU
OVD,43.56,-6.03,Ranón,ES
OVS,61.33,63.6,Sovetskiy,RU
OWB,37.74,-87.17,Owensboro,US
OXB,11.89,-15.65,Bissau,GW
OXF,51.75,-1.26,Oxford,GB
OYE,1.54,11.58,Oyem,GA
OZC,8.18,123.84,Ozamiz,PH
OZG,30.27,-5.86,Zagora,MA
OZZ,30.94,-6.91,Ouarzazate,MA
PAB,21.99,82.11,Bilaspur,IN
PAC,8.97,-79.56,Albrook,PA
PAD,51.61,8.62,Büren,DE
PAE,47.91,-122.28,Everett,US
PAG,7.83,123.46,Pagadian,PH
PAH,37.06,-88.77,Paducah,US
PAP,18.58,-72.29,Port-au-Prince,HT
PAR,48.86,2.35,Paris,FR
PAS,37.02,25.11,Paros,GR
PAT,25.59,85.09,Patna,IN
PAV,-9.4,-38.25,Paulo Afonso,BR
PAZ,20.6,-97.46,Poza Rica,MX
PBC,19.16,-98.37,Puebla,MX
PBD,21.65,69.66,Porbandar,IN
PBG,44.65,-73.47,Plattsburgh,US
PBH,27.4,89.42,Paro,BT
PBI,26.72,-80.05,West Palm Beach,US
PBJ,-16.43,168.24,Paama Island,VU
PBM,5.45,-55.19,Paramaribo,SR
PBO,-23.17,117.75,Paraburdoo,AU
PBR,15.73,-88.58,Puerto Barrios,GT
PBU,27.33,97.43,Putao,MM
PBZ,-34.09,23.33,Plettenberg Bay,ZA
PCE,57.16,-157.43,Painter Creek,US
PCL,-8.38,-74.57,Pucallpa,PE
PCN,-41.35,173.96,Koromiko,NZ
PCP,1.66,7.41,São Tomé & Príncipe,ST
PCR,6.18,-67.49,Puerto Carreño,CO
PDA,3.85,-67.91,Puerto Inírida,CO
PDB,59.8,-154.13,Pedro Bay,US
PDG,-0.79,100.28,Padang (Katapiang),ID
PDK,33.88,-84.3,Atlanta,US
PDL,37.74,-25.7,Ponta Delgada,PT
PDM,7.53,-80.04,Pedasí,PA
PDO,-3.29,103.88,Talang Gudang-Sumatra Island,ID
PDP,-34.86,-55.09,Punta del Este,UY
PDS,28.63,-100.54,Piedras Negras,MX
PDT,45.7,-118.84,Pendleton,US
PDV,42.07,24.85,Plovdiv,BG
PDX,45.59,-122.6,Portland,US
PED,50.02,15.74,Pardubice,CZ
PEE,57.91,56.02,Perm,RU
PEG,43.1,12.51,Perugia (PG),IT
PEI,4.81,-75.74,Pereira,CO
PEK,40.08,116.6,Beijing,CN
PEM,-12.61,-69.23,Puerto Maldonado,PE
PEN,5.3,100.28,Penang,MY
PER,-31.94,115.97,Perth,AU
PES,61.89,34.15,Petrozavodsk,RU
PET,-31.72,-52.33,Pelotas,BR
PEU,15.26,-83.78,Puerto Lempira,HN
PEV,45.99,18.24,Pécs,HU
PEW,33.99,71.51,Peshawar,PK
PEX,65.12,57.13,Pechora,RU
PEZ,53.11,45.02,Penza,RU
PFB,-28.24,-52.33,Passo Fundo,BR
PFO,34.72,32.49,Paphos,CY
PFQ,39.6,47.88,Parsabad,IR
PFR,-4.33,20.59,Ilebo,CD
PGA,36.92,-111.45,Page,US
PGD,26.92,-81.99,Punta Gorda,US
PGF,42.74,2.87,Perpignan/Rivesaltes,FR
PGH,29.03,79.47,Pantnagar,IN
PGK,-2.16,106.14,Pangkal Pinang,ID
PGM,59.35,-151.83,Port Graham,US
PGU,27.38,52.74,Khiyaroo,IR
PGV,35.64,-77.38,Greenville,US
PGX,45.18,0.72,Perigueux,FR
PGZ,-25.18,-50.14,Ponta Grossa,BR
PHB,-2.89,-41.73,Parnaíba,BR
PHC,5.02,6.95,Port Harcourt,NG
PHE,-20.38,118.63,Port Hedland,AU
PHF,37.13,-76.49,Newport News,US
PHG,4.85,7.02,Port Harcourt,NG
PHH,28.18,84.01,Pokhara,NP
PHL,39.87,-75.24,Philadelphia,US
PHO,68.35,-166.8,Point Hope,US
PHS,16.78,100.28,Phitsanulok,TH
PHW,-23.94,31.16,Phalaborwa,ZA
PHX,33.44,-112.01,Phoenix,US
PHY,16.68,101.19,Phetchabun Airport,TH
PIA,40.66,-89.69,Peoria,US
PIB,31.47,-89.34,Moselle,US
PIE,27.91,-82.69,Pinellas Park,US
PIH,42.91,-112.6,Pocatello,US
PIK,55.5,-4.58,"Prestwick, South Ayrshire",GB
PIN,-2.63,-56.73,Parintins,BR
PIO,-13.71,-76.18,Pisco,PE
PIP,57.58,-157.57,Pilot Point,US
PIR,44.38,-100.29,Pierre,US
PIS,46.59,0.31,Poitiers/Biard,FR
PIT,40.49,-80.23,Pittsburgh,US
PIU,-5.21,-80.62,Piura,PE
PIX,38.55,-28.44,Pico Island,PT
PIZ,69.73,-163.01,Point Lay,US
PJA,67.24,23.07,Pajala,SE
PJM,8.53,-83.3,Puerto Jimenez,CR
PKA,60.7,-161.78,Napaskiak,US
PKB,39.35,-81.44,Parkersburg (Williamstown),US
PKC,53.17,158.45,Petropavlovsk-Kamchatsky,RU
PKE,-33.13,148.24,Parkes,AU
PKG,4.24,100.55,Pangkor Island,MY
PKN,-2.71,111.67,Pangkalanbun,ID
PKP,-14.81,-138.81,Puka Puka Airport,PF
PKR,28.2,83.98,Pokhara,NP
PKU,0.46,101.44,Pekanbaru,ID
PKV,57.78,28.39,Pskov,RU
PKX,39.5,116.41,Beijing,CN
PKY,-2.23,113.94,Palangkaraya,ID
PKZ,15.13,105.78,Pakse,LA
PLH,50.38,-4.14,Plymouth,GB
PLJ,16.54,-88.36,Placencia,BZ
PLM,-2.9,104.7,Palembang,ID
PLN,45.57,-84.8,Pellston,US
PLO,-34.61,135.88,Port Lincoln,AU
PLQ,55.97,21.09,Palanga,LT
PLS,21.77,-72.27,Providenciales,TC
PLV,49.58,34.53,Poltava,UA
PLW,-0.92,119.91,Palu,ID
PLX,50.35,80.23,Semey,KZ
PLZ,-33.99,25.62,Gqeberha (Port Elizabeth),ZA
PMA,-5.24,39.8,Pemba,TZ
PMC,-41.44,-73.09,Puerto Montt,CL
PMF,44.83,10.3,Parma (PR),IT
PMG,-22.55,-55.7,Ponta Porã,BR
PMI,39.55,2.74,Palma de Mallorca,ES
PMK,-18.76,146.58,Palm Island Airport,AU
PMO,38.18,13.09,Palermo,IT
PMQ,-46.54,-70.98,Perito Moreno,AR
PMR,-40.32,175.62,Palmerston North,NZ
PMV,10.91,-63.97,Isla Margarita,VE
PMW,-10.29,-48.36,Palmas,BR
PMY,-42.76,-65.1,Puerto Madryn,AR
PNA,42.77,-1.65,Pamplona,ES
PND,16.1,-88.81,Punta Gorda,BZ
PNH,11.56,104.93,Phnom Penh,KH
PNI,6.99,158.21,Pohnpei Island,FM
PNK,-0.15,109.4,Pontianak,ID
PNL,36.82,11.97,Pantelleria (TP),IT
PNP,-8.8,148.31,Popondetta,PG
PNQ,18.58,73.92,Pune,IN
PNR,-4.82,11.89,Pointe Noire,CG
PNS,30.47,-87.19,Pensacola,US
PNT,-51.67,-72.53,Puerto Natales,CL
PNY,11.97,79.81,Puducherry (Pondicherry),IN
PNZ,-9.36,-40.57,Petrolina,BR
POA,-29.99,-51.17,Porto Alegre,BR
POG,-0.71,8.75,Port Gentil,GA
POJ,-18.59,-46.51,Patos De Minas,BR
POL,-12.99,40.52,Pemba,MZ
POM,-9.44,147.22,Port Moresby,PG
POP,19.76,-70.57,Puerto Plata,DO
POR,61.46,21.8,Pori,FI
POS,10.6,-61.34,Port of Spain,TT
POW,45.52,13.58,Portoroz,SI
POZ,52.42,16.82,Poznań,PL
PPB,-22.18,-51.42,Presidente Prudente,BR
PPE,31.35,-113.31,Puerto Peñasco,MX
PPG,-14.33,-170.71,Pago Pago,AS
PPK,54.78,69.19,Petropavl,KZ
PPN,2.45,-76.61,Popayán,CO
PPP,-20.49,148.55,Proserpine,AU
PPQ,-40.9,174.98,Paraparaumu,NZ
PPS,9.74,118.76,Puerto Princesa,PH
PPT,-17.55,-149.61,Papeete,PF
PPW,59.35,-2.9,"Papa Westray, Orkney Islands",GB
PQC,10.17,103.99,Phu Quoc Island,VN
PQI,46.69,-68.04,Presque Isle,US
PQM,17.5,-92.01,Palenque,MX
PQQ,-31.44,152.86,Port Macquarie,AU
PQS,61.96,-162.94,Pilot Station,US
PRA,-31.79,-60.48,Parana,AR
PRC,34.65,-112.42,Prescott,US
PRG,50.1,14.26,Prague,CZ
PRH,18.15,100.13,Phrae,TH
PRI,-4.32,55.69,Praslin Island,SC
PRM,37.15,-8.58,Portimão,PT
PRN,42.57,21.04,Prishtina,XK
PRY,-25.75,28.23,Pretoria,ZA
PSA,43.68,10.39,Pisa (PI),IT
PSC,46.26,-119.12,Pasco,US
PSD,31.28,32.24,Port Said,EG
PSE,18.01,-66.56,Ponce,PR
PSG,56.8,-132.95,Petersburg,US
PSM,43.08,-70.82,Portsmouth,US
PSO,1.4,-77.29,Chachagüí,CO
PSP,33.83,-116.51,Palm Springs,US
PSR,42.43,14.18,Pescara,IT
PSS,-27.39,-55.97,Posadas,AR
PSU,0.83,112.94,Putussibau-Borneo Island,ID
PSY,-51.69,-57.78,Stanley,FK
PSZ,-18.98,-57.82,Puerto Suárez,BO
PTA,60.2,-154.33,Port Alsworth,US
PTF,-17.78,177.2,Malolo Lailai Island,FJ
PTG,-23.85,29.46,Polokwane,ZA
PTH,56.96,-158.63,Port Heiden,US
PTJ,-38.32,141.47,Portland Airport,AU
PTO,-26.22,-52.69,Pato Branco,BR
PTP,16.27,-61.53,Pointe-à-Pitre,GP
PTQ,-1.74,-52.24,Porto de Moz,BR
PTU,59.02,-161.83,Platinum,US
PTX,1.86,-76.05,Pitalito,CO
PTY,9.07,-79.38,Tocumen,PA
PUB,38.29,-104.5,Pueblo,US
PUD,-47.74,-65.9,Puerto Deseado,AR
PUF,43.38,-0.42,Pau/Pyrénées (Uzein),FR
PUG,-32.51,137.72,Port Augusta Airport,AU
PUJ,18.57,-68.36,Punta Cana,DO
PUQ,-53.0,-70.85,Punta Arenas,CL
PUR,-11.11,-67.55,Puerto Rico/Manuripi,BO
PUS,35.18,128.94,Busan,KR
PUU,0.51,-76.5,Puerto Asís,CO
PUW,46.74,-117.11,Pullman,US
PUY,44.89,13.92,Pula,HR
PUZ,14.05,-83.39,Puerto Cabezas,NI
PVA,13.36,-81.36,Providencia,CO
PVC,42.07,-70.22,Provincetown,US
PVD,41.73,-71.43,Providence/Warwick,US
PVG,31.14,121.81,Shanghai (Pudong),CN
PVH,-8.71,-63.9,Porto Velho,BR
PVK,38.93,20.77,Preveza,GR
PVR,20.68,-105.25,Puerto Vallarta,MX
PVU,40.22,-111.72,Provo,US
PWE,69.78,170.6,Apapelgino,RU
PWM,43.65,-70.31,Portland,US
PWQ,52.19,77.07,Pavlodar,KZ
PXH,-29.72,135.52,Mount Eba,AU
PXM,15.88,-97.09,Puerto Escondido,MX
PXO,33.07,-16.35,Vila Baleira,PT
PXR,14.87,103.5,Surin,TH
PXU,14.0,108.02,Pleiku,VN
PYB,18.86,82.55,Jeypore,IN
PYG,27.34,88.61,Gangtok,IN
PYJ,66.4,112.03,Yakutia,RU
PYK,35.78,50.83,Karaj,IR
PYT,-17.24,-46.88,Paracatu,BR
PYY,19.37,98.44,Pai,TH
PZB,-29.65,30.4,Pietermaritzburg,ZA
PZH,31.36,69.46,Fort Sandeman,PK
PZI,26.54,101.8,Panzhihua (Renhe),CN
PZO,8.29,-62.76,Guyana City,VE
PZU,19.43,37.23,Port Sudan,SD
QBC,52.39,-126.6,Bella Coola,CA
QOW,5.43,7.21,Owerri,NG
QRO,20.62,-100.19,Querétaro,MX
QRW,5.6,5.82,Okpe,NG
QSF,36.18,5.33,Sétif,DZ
QSR,40.62,14.91,Salerno,IT
QSZ,38.25,77.06,Shache,CN
QUO,4.87,8.09,Uyo,NG
QUS,12.17,6.7,Gusau,NG
RAB,-4.34,152.38,Kokopo,PG
RAE,30.91,41.14,Arar,SA
RAH,29.63,43.49,Rafha,SA
RAI,14.94,-23.48,Praia,CV
RAJ,22.3,70.8,Rajkot,IN
RAK,31.6,-8.04,Marrakesh,MA
RAM,-12.36,134.9,Ramingining Airport,AU
RAO,-21.13,-47.77,Ribeirão Preto,BR
RAP,44.05,-103.06,Rapid City,US
RAR,-21.2,-159.81,Avarua,CK
RAS,37.32,49.62,Rasht,IR
RBA,34.05,-6.75,Rabat,MA
RBB,-4.41,-59.6,Borba,BR
RBQ,-14.43,-67.5,Rurrenabaque,BO
RBR,-9.87,-67.89,Rio Branco,BR
RBV,-8.17,157.64,Ramata,SB
RBY,64.73,-155.47,Ruby,US
RBZ,39.05,66.83,Shahrisabz,UZ
RCB,-28.74,32.09,Richards Bay,ZA
RCE,48.61,-123.14,Roche Harbor,US
RCH,11.53,-72.93,Riohacha,CO
RCM,-20.7,143.12,Richmond Airport,AU
RCU,-33.12,-64.35,Rio Cuarto,AR
RDD,40.51,-122.29,Redding,US
RDM,44.25,-121.15,Redmond,US
RDN,5.77,103.01,Redang,MY
RDO,51.39,21.21,Radom,PL
RDP,23.62,87.24,Durgapur,IN
RDU,35.88,-78.79,Raleigh/Durham,US
RDV,61.79,-157.35,Red Devil,US
RDZ,44.41,2.48,Rodez/Marcillac,FR
REC,-8.13,-34.92,Recife,BR
REG,38.07,15.65,Reggio Calabria,IT
REK,64.15,-21.94,Reykjavik,IS
REL,-43.21,-65.27,Rawson,AR
REN,51.79,55.46,Orenburg,RU
RER,14.52,-91.7,Retalhuleu,GT
RES,-27.45,-59.06,Resistencia,AR
RET,67.53,12.1,Røst,NO
REU,41.15,1.17,Reus,ES
REW,24.5,81.22,Rewa,IN
REX,26.01,-98.23,Reynosa,MX
RFD,42.2,-89.1,Chicago/Rockford,US
RFN,66.45,-15.95,Raufarhofn,IS
RFP,-16.72,-151.47,Uturoa,PF
RGA,-53.78,-67.75,Rio Grande,AR
RGI,-14.95,-147.66,Rangiroa Airport,PF
RGK,51.96,85.96,Gorno-Altaysk,RU
RGL,-51.61,-69.31,Rio Gallegos,AR
RGN,16.91,96.13,Yangon,MM
RGO,41.43,129.65,Hoemun-ri,KP
RGS,42.34,-3.7,Burgos,ES
RHD,-27.5,-64.94,Termas de Río Hondo,AR
RHI,45.63,-89.47,Rhinelander,US
RHO,36.41,28.09,Rhodes,GR
RHT,39.23,101.55,Badanjilin,CN
RIA,-29.71,-53.69,Santa Maria,BR
RIB,-11.01,-66.08,Riberalta,BO
RIC,37.51,-77.32,Richmond,US
RIH,8.38,-80.13,Río Hato,PA
RIO,-22.91,-43.17,Rio de Janeiro,BR
RIS,45.24,141.19,Rishiri,JP
RIW,43.06,-108.46,Riverton,US
RIX,56.92,23.97,Riga,LV
RIY,14.66,49.38,Mukalla(Riyan),YE
RIZ,35.41,119.32,Rizhao (Donggang),CN
RJA,17.11,81.81,Madhurapudi,IN
RJH,24.44,88.62,Rajshahi,BD
RJK,45.22,14.57,Rijeka(Omišalj),HR
RJL,42.46,-2.32,Logroño,ES
RJM,-0.42,130.77,Waisai,ID
RJN,30.3,56.05,Rafsanjan,IR
RKD,44.06,-69.1,Rockland,US
RKE,55.59,12.13,Roskilde,DK
RKI,-2.1,99.7,Sipura Island,ID
RKS,41.59,-109.07,Rock Springs,US
RKT,25.61,55.94,Ras Al Khaimah,AE
RKV,64.13,-21.94,Reykjavík,IS
RKZ,29.35,89.3,Xigazê (Samzhubzê),CN
RLG,53.92,12.28,Laage,DE
RLK,40.93,107.74,Bayannur,CN
RLO,-32.38,-65.55,Merlo,AR
RMA,-26.55,148.77,Roma,AU
RMF,25.56,34.59,Marsa Alam,EG
RMI,44.02,12.61,Rimini (RN),IT
RML,6.82,79.89,Colombo,LK
RMO,46.93,28.93,Chişinău,MD
RMP,65.51,-150.14,Rampart,US
RMQ,24.26,120.62,Taichung (Qingshui),TW
RMT,-22.64,-152.81,Rimatara Island,PF
RMU,37.8,-1.12,Corvera,ES
RMZ,58.06,68.35,Tobolsk,RU
RNA,-9.86,161.98,Arona,SB
RNB,56.27,15.27,Ronneby,SE
RNI,12.17,-83.06,Corn Island,NI
RNJ,27.04,128.4,Yoron,JP
RNL,-11.55,160.06,Rennell Island,SB
RNN,55.06,14.76,Rønne,DK
RNO,39.5,-119.77,Reno,US
RNP,11.16,166.89,Rongelap Island,MH
RNS,48.07,-1.73,"Saint-Jacques-de-la-Lande, Ille-et-Vilai",FR
ROA,37.33,-79.98,Roanoke,US
ROB,6.23,-10.36,Monrovia,LR
ROC,43.12,-77.67,Rochester,US
ROI,16.12,103.77,Roi Et,TH
ROK,-23.38,150.48,Rockhampton,AU
ROM,41.89,12.49,Rome,IT
ROO,-16.58,-54.72,Rondonópolis,BR
ROP,14.17,145.24,Rota Island,MP
ROR,7.37,134.54,Babelthuap Island,PW
ROS,-32.9,-60.78,Rosario,AR
ROT,-38.11,176.32,Rotorua,NZ
ROV,47.25,39.75,Rostov,RU
ROW,33.3,-104.53,Roswell,US
RPR,21.18,81.74,Raipur,IN
RQA,38.97,88.01,Ruoqiang Town,CN
RQY,13.93,75.57,Shimoga,IN
RRG,-19.76,63.36,Port Mathurin,MU
RRK,22.26,84.85,Rourkela,IN
RRR,-16.05,-142.48,Raroia,PF
RRS,62.58,11.34,Røros,NO
RSA,-36.59,-64.28,Santa Rosa,AR
RSD,24.89,-76.18,Rock Sound,BS
RSH,61.78,-161.32,Russian Mission,US
RSI,25.63,37.09,Hanak,SA
RST,43.91,-92.5,Rochester,US
RSU,34.84,127.62,Yeosu,KR
RSW,26.53,-81.75,Fort Myers,US
RTA,-12.48,177.07,Rotuma,FJ
RTB,16.32,-86.52,Coxen Hole,HN
RTG,-8.6,120.48,"Satar Tacik, Manggarai",ID
RTI,-10.77,123.08,Ba'a - Rote Island,ID
RTM,51.96,4.44,Rotterdam,NL
RTW,51.55,46.02,Saratov,RU
RUA,3.05,30.91,Arua,UG
RUH,24.96,46.7,Riyadh,SA
RUL,0.34,73.51,Maavaarulu,MV
RUN,-20.89,55.52,Sainte-Marie,RE
RUR,-22.43,-151.36,Rurutu Airport,PF
RUS,-9.86,160.82,Marau,SB
RUT,43.53,-72.95,Rutland,US
RVD,-17.72,-50.93,Rio Verde,BR
RVE,6.95,-71.86,Saravena,CO
RVK,64.84,11.15,Rørvik,NO
RVN,66.56,25.83,Rovaniemi,FI
RVV,-23.89,-147.66,Raivavae Airport,PF
RVY,-30.97,-55.48,Rivera/Santana do Livramento,UY
RXS,11.6,122.75,Roxas City,PH
RYK,28.38,70.28,Rahim Yar Khan,PK
RYL,-15.6,29.57,Lower Zambezi NP,ZM
RYO,-51.6,-72.22,Rio Turbio,AR
RZE,50.11,22.02,Jasionka,PL
RZH,42.88,133.88,Preobrazheniye,RU
RZR,36.91,50.69,Ramsar,IR
RZV,41.18,40.85,Rize,TR
SAB,17.65,-63.22,Zion's Hill,BQ
SAC,38.58,-121.49,Sacramento,US
SAF,35.62,-106.09,Santa Fe,US
SAG,19.69,74.37,Kakadi,IN
SAH,15.48,44.22,Sanaa,YE
SAI,13.37,104.22,Siem Reap,KH
SAL,13.44,-89.06,San Salvador (San Luis Talpa),SV
SAN,32.73,-117.19,San Diego,US
SAO,-23.55,-46.63,Sao Paulo,BR
SAP,15.45,-87.92,San Pedro Sula,HN
SAQ,25.05,-78.05,Andros Island,BS
SAT,29.53,-98.47,San Antonio,US
SAV,32.13,-81.2,Savannah,US
SAW,40.9,29.31,"Pendik, Istanbul",TR
SBA,34.43,-119.84,Santa Barbara,US
SBD,34.1,-117.24,San Bernardino,US
SBH,17.9,-62.84,Gustavia,BL
SBN,41.71,-86.32,South Bend,US
SBP,35.24,-120.64,San Luis Obispo,US
SBR,-9.38,142.62,Saibai Island,AU
SBT,71.22,72.05,Sabetta,RU
SBW,2.26,111.99,Sibu,MY
SBY,38.34,-75.51,Salisbury,US
SBZ,45.79,24.09,Sibiu,RO
SCC,70.19,-148.46,Deadhorse,US
SCE,40.85,-77.85,State College,US
SCK,37.89,-121.24,Stockton,US
SCL,-33.39,-70.79,Santiago,CL
SCM,61.84,-165.58,Scammon Bay,US
SCN,49.21,7.11,Saarbrücken,DE
SCO,43.86,51.09,Aktau,KZ
SCQ,42.9,-8.42,Santiago de Compostela,ES
SCR,61.17,12.83,Malung-Sälen,SE
SCT,12.63,53.91,Mori,YE
SCU,19.97,-75.84,Santiago,CU
SCV,47.69,26.35,Suceava,RO
SCW,61.65,50.85,Syktyvkar,RU
SCY,-0.91,-89.62,Puerto Baquerizo Moreno,EC
SCZ,-10.72,165.79,Santa Cruz/Graciosa Bay/Luova,SB
SDD,-14.92,13.58,Lubango,AO
SDE,-27.77,-64.31,Santiago del Estero,AR
SDF,38.17,-85.74,Louisville,US
SDG,35.25,47.01,Sanandaj Airport,IR
SDJ,38.14,140.92,Natori,JP
SDK,5.9,118.06,Sandakan,MY
SDL,62.53,17.44,Sundsvall/ Härnösand,SE
SDN,61.83,6.11,Sandane,NO
SDP,55.31,-160.52,Sand Point,US
SDQ,18.43,-69.67,Santo Domingo,DO
SDR,43.43,-3.82,Santander,ES
SDS,38.06,138.41,Sado,JP
SDU,-22.91,-43.16,Rio de Janeiro,BR
SDW,16.0,73.53,Chipi,IN
SDX,34.87,-111.77,Sedona,US
SDY,47.71,-104.19,Sidney,US
SDZ,60.34,-1.26,Shetland Islands,GB
SEA,47.45,-122.31,Seattle,US
SEB,26.99,14.47,Sabha,LY
SEK,67.48,153.74,Srednekolymsk,RU
SEL,37.57,126.98,Seoul,KR
SEN,51.57,0.69,"Southend-on-Sea, Essex",GB
SES,66.94,88.35,Svetlogorsk,RU
SET,-8.06,-38.33,Serra Talhada,BR
SEU,-2.46,34.82,Seronera,TZ
SEZ,-4.67,55.52,Victoria,SC
SFA,34.72,10.69,Sfax,TN
SFB,28.77,-81.23,Orlando,US
SFC,16.26,-61.26,St-François,GP
SFG,18.1,-63.05,Grand Case,MF
SFJ,67.01,-50.72,Kangerlussuaq,GL
SFL,14.89,-24.48,São Filipe,CV
SFN,-31.71,-60.81,Santa Fe,AR
SFO,37.62,-122.37,San Francisco,US
SFS,14.79,120.27,Olongapo,PH
SFT,64.62,21.08,Skellefteå,SE
SGC,61.34,73.41,Surgut,RU
SGD,54.96,9.79,Sønderborg,DK
SGF,37.25,-93.39,Springfield,US
SGN,10.82,106.65,Ho Chi Minh City,VN
SGO,-28.05,148.6,St George Airport,AU
SGU,37.04,-113.51,St George,US
SGX,-10.65,35.64,Songea,TZ
SGY,59.46,-135.32,Skagway,US
SHA,31.2,121.33,Shanghai (Minhang),CN
SHB,43.58,144.96,Nakashibetsu,JP
SHC,14.08,38.27,Shire Inda Selassie,ET
SHD,38.26,-78.9,Weyers Cave,US
SHE,41.64,123.48,Shenyang,CN
SHF,44.24,85.89,Shihezi,CN
SHG,66.89,-157.16,Shungnak,US
SHH,66.25,-166.09,Shishmaref,US
SHI,24.83,125.14,Miyakojima,JP
SHJ,25.33,55.52,Sharjah,AE
SHL,25.7,91.98,Shillong,IN
SHM,33.66,135.36,Shirahama,JP
SHO,-26.36,31.72,Mpaka,SZ
SHR,44.77,-106.98,Sheridan,US
SHS,30.29,112.45,Jingzhou (Shashi),CN
SHV,32.44,-93.83,Shreveport,US
SHW,17.47,47.12,Sharurah,SA
SHX,62.7,-159.57,Shageluk,US
SHY,-3.61,33.5,Shinyanga,TZ
SIA,34.34,108.94,Xian,CN
SID,16.74,-22.95,Espargos,CV
SIF,27.16,84.98,Simara,NP
SIG,18.46,-66.1,San Juan,PR
SIH,29.26,80.94,Silgadi Doti,NP
SIN,1.35,103.99,Singapore,SG
SIP,45.02,34.0,Simferopol,KX
SIR,46.25,7.33,Sion,CH
SIS,-27.65,23.0,Sishen,ZA
SIT,57.05,-135.36,Sitka,US
SJC,37.36,-121.93,San Jose,US
SJD,23.15,-109.72,San José del Cabo,MX
SJE,2.58,-72.64,San José Del Guaviare,CO
SJI,12.36,121.05,San Jose,PH
SJJ,43.82,18.33,Sarajevo,BA
SJK,-23.23,-45.86,São José Dos Campos,BR
SJL,-0.15,-66.99,São Gabriel da Cachoeira,BR
SJO,9.99,-84.21,San José (Alajuela),CR
SJP,-20.82,-49.41,São José do Rio Preto,BR
SJT,31.36,-100.5,San Angelo,US
SJU,18.44,-66.0,San Juan,PR
SJW,38.28,114.7,Shijiazhuang,CN
SJZ,38.67,-28.18,Velas,PT
SKB,17.31,-62.72,Basseterre,KN
SKD,39.7,66.98,Samarkand,UZ
SKG,40.52,22.97,Thessaloniki,GR
SKH,28.59,81.64,Surkhet,NP
SKJ,0.9,108.98,Singkawang,ID
SKK,64.37,-161.22,Shaktoolik,US
SKN,68.58,15.03,Hadsel,NO
SKO,12.92,5.21,Sokoto,NG
SKP,41.96,21.62,Ilinden,MK
SKT,32.54,74.36,Sialkot,PK
SKU,38.97,24.49,Skiros Island,GR
SKX,54.13,45.21,Saransk,RU
SKZ,27.72,68.79,Sukkur,PK
SLA,-24.86,-65.49,Salta,AR
SLC,40.79,-111.98,Salt Lake City,US
SLD,48.64,19.13,Sliač,SK
SLE,44.91,-123.0,Salem,US
SLH,-13.85,167.54,Sola,VU
SLI,-12.17,26.37,Solwesi,ZM
SLK,44.39,-74.2,Saranac Lake,US
SLL,17.04,54.09,Salalah,OM
SLM,40.95,-5.5,Salamanca,ES
SLN,38.79,-97.65,Salina,US
SLP,22.26,-100.94,San Luis Potosí,MX
SLQ,61.7,-157.17,Sleetmute,US
SLU,14.02,-60.99,Castries,LC
SLV,31.1,77.17,Simla,IN
SLW,25.54,-100.93,Saltillo,MX
SLX,21.33,-71.2,Salt Cay,TC
SLY,66.59,66.61,Salekhard,RU
SLZ,-2.59,-44.24,São Luís,BR
SMA,36.97,-25.17,Vila do Porto,PT
SMF,38.7,-121.59,Sacramento,US
SMI,37.69,26.91,Samos Island,GR
SMK,63.49,-162.11,St Michael,US
SML,23.58,-75.27,Stella Maris,BS
SMN,45.12,-113.88,Salmon,US
SMQ,-2.5,112.97,Sampit,ID
SMR,11.12,-74.23,Santa Marta,CO
SMS,-17.09,49.82,Vohilava,MG
SMT,-12.48,-55.67,Sorriso,BR
SMW,26.73,-11.68,Smara,EH
SMX,34.9,-120.46,Santa Maria,US
SNA,33.68,-117.87,Santa Ana,US
SNB,-11.42,130.65,Milikapiti,AU
SNC,-2.21,-80.99,Salinas/La Libertad,EC
SNE,16.59,-24.28,Preguiça,CV
SNN,52.7,-8.92,Shannon,IE
SNO,17.2,104.12,Sakon Nakhon Airport,TH
SNP,57.17,-170.22,St Paul Island,US
SNR,47.29,-2.18,Saint-Nazaire,FR
SNU,22.49,-79.94,Santa Clara,CU
SNV,4.55,-61.15,Santa Elena de Uairén,VE
SNW,18.46,94.3,Thandwe,MM
SNX,35.59,53.5,Semnan,IR
SOB,46.69,17.16,Sármellék,HU
SOC,-7.52,110.76,Surakarta,ID
SOD,-23.48,-47.49,Sorocaba,BR
SOF,42.7,23.42,Sofia,BG
SOG,61.16,7.14,Sogndal,NO
SOJ,69.79,20.96,Sørkjosen,NO
SOM,8.95,-64.15,El Tigre,VE
SON,-15.51,167.22,Luganville,VU
SOQ,-0.89,131.29,Sorong,ID
SOU,50.95,-1.36,Southampton,GB
SOV,59.44,-151.71,Seldovia,US
SOW,34.26,-110.01,Show Low,US
SOY,59.16,-2.64,Stronsay,GB
SPC,28.63,-17.76,"Sta Cruz de la Palma, La Palma Island",ES
SPD,25.76,88.91,Saidpur,BD
SPI,39.84,-89.68,Springfield,US
SPK,43.06,141.35,Sapporo,JP
SPN,15.12,145.73,"I Fadang, Saipan",MP
SPP,-14.66,17.72,Menongue,AO
SPR,17.91,-87.97,San Pedro,BZ
SPS,33.99,-98.49,Wichita Falls,US
SPU,43.54,16.3,Split,HR
SPX,30.11,30.9,Al Jiza,EG
SPY,4.75,-6.66,San Pedro Airport,CI
SQD,28.38,117.96,Shangrao (Hengfeng),CN
SQG,-0.05,111.46,Sintang,ID
SQJ,26.43,117.83,Sanming (Sha),CN
SQL,37.51,-122.25,San Carlos,US
SRA,-27.91,-54.52,Santa Rosa,BR
SRE,-19.25,-65.15,Sucre,BO
SRG,-6.97,110.37,Semarang,ID
SRL,27.09,-112.1,Mulegé,MX
SRP,59.79,5.34,Leirvik,NO
SRQ,27.39,-82.55,Sarasota/Bradenton,US
SRT,1.73,33.62,Soroti,UG
SRV,61.79,-156.59,Stony River,US
SRY,36.64,53.19,Sari,IR
SRZ,-17.81,-63.17,Santa Cruz,BO
SSA,-12.91,-38.32,Salvador,BR
SSG,3.76,8.71,Malabo,GQ
SSH,27.98,34.39,Sharm El Sheikh,EG
SSI,31.17,-81.46,Brunswick,US
SSJ,65.96,12.47,Alstahaug,NO
SSM,46.5,-84.35,Sault Ste. Marie,US
SSR,-15.47,168.15,Pentecost Island,VU
SST,-36.54,-56.72,Santa Teresita,AR
SSW,48.67,-123.18,Friday Harbor,US
SSX,-24.8,31.42,Singita Safari Lodge,ZA
SSY,-6.27,14.25,Mbanza Congo,AO
STC,45.55,-94.06,Saint Cloud,US
STD,7.57,-72.04,Santo Domingo,VE
STG,56.58,-169.66,St George,US
STI,19.4,-70.6,Santiago,DO
STL,38.75,-90.37,St Louis,US
STM,-2.42,-54.79,Santarém,BR
STN,51.88,0.23,"London, Essex",GB
STO,59.33,18.06,Stockholm,SE
STR,48.69,9.22,Stuttgart,DE
STS,38.51,-122.81,Santa Rosa,US
STT,18.34,-64.98,Charlotte Amalie,VI
STV,21.12,72.74,Surat,IN
STW,45.11,42.11,Stavropol,RU
STX,17.7,-64.8,Christiansted,VI
SUB,-7.38,112.79,Surabaya,ID
SUF,38.91,16.25,Lamezia Terme (CZ),IT
SUG,9.76,125.48,Surigao City,PH
SUI,42.86,41.13,Sukhumi,GE
SUJ,47.7,22.89,Satu Mare,RO
SUK,67.79,130.39,Batagay-Alyta,RU
SUN,43.5,-114.3,Hailey,US
SUR,52.71,-88.54,Summer Beaver,CA
SUV,-18.04,178.56,Nausori,FJ
SUX,42.4,-96.38,Sioux City,US
SUY,62.19,117.64,Suntar,RU
SVA,63.69,-170.49,Savoonga,US
SVB,-14.28,50.17,Sambava,MG
SVC,32.64,-108.15,Silver City,US
SVD,13.16,-61.15,Kingstown,VC
SVG,58.88,5.64,Stavanger,NO
SVI,2.15,-74.77,San Vicente Del Caguán,CO
SVJ,68.24,14.67,Svolvær,NO
SVL,61.94,28.95,Savonlinna,FI
SVO,55.98,37.41,Moscow,RU
SVP,-12.39,16.94,Kuito,AO
SVQ,37.42,-5.89,Seville,ES
SVS,66.02,-149.06,Stevens Village,US
SVU,-16.8,179.34,Savusavu,FJ
SVX,56.74,60.8,Yekaterinburg,RU
SVZ,7.84,-72.44,San Antonio del Tachira,VE
SWA,23.55,116.5,Jieyang (Rongcheng),CN
SWF,41.5,-74.11,Newburgh,US
SWL,10.52,119.27,San Vicente,PH
SWO,36.16,-97.09,Stillwater,US
SWQ,-8.49,117.41,Sumbawa Besar,ID
SWS,51.63,-3.95,Swansea,GB
SWT,60.5,77,Strezhevoy,RU
SWV,61.92,159.23,Evensk,RU
SWX,-18.37,21.83,Shakawe,BW
SXB,48.54,7.63,Strasbourg,FR
SXK,-7.85,131.34,Saumlaki-Yamdena Island,ID
SXM,18.04,-63.11,Sint Maarten,SX
SXP,62.52,-164.85,Nunam Iqua,US
SXR,33.99,74.77,Srinagar,IN
SXV,11.66,78.15,Salem,IN
SXZ,37.93,41.94,Siirt,TR
SYD,-33.95,151.18,Sydney (Mascot),AU
SYM,22.79,100.96,Pu'er,CN
SYO,38.81,139.79,Shonai,JP
SYQ,9.96,-84.14,San Jose,CR
SYR,43.11,-76.11,Syracuse,US
SYS,71.93,114.08,Saskylakh,RU
SYU,-10.21,142.82,Sue Islet,AU
SYX,18.3,109.41,Sanya (Tianya),CN
SYY,58.22,-6.33,"Stornoway, Western Isles",GB
SYZ,29.54,52.59,Shiraz,IR
SZA,-6.14,12.37,Soyo,AO
SZB,3.13,101.55,Subang,MY
SZE,11.79,40.99,Semera,ET
SZF,41.25,36.57,Samsun,TR
SZG,47.79,13.0,Salzburg,AT
SZH,39.27,112.69,Shuozhou,CN
SZI,47.49,84.89,Zaysan,KZ
SZK,-24.96,31.59,Skukuza,ZA
SZX,22.64,113.8,Shenzhen,CN
SZY,53.48,20.94,Szymany,PL
SZZ,53.58,14.9,Szczecin(Glewice),PL
TAB,11.15,-60.83,Scarborough,TT
TAC,11.23,125.03,Tacloban City,PH
TAE,35.89,128.66,Daegu,KR
TAG,9.57,123.77,Panglao,PH
TAH,-19.46,169.22,Tanna Island,VU
TAI,13.69,44.14,Taiz,YE
TAK,34.21,134.02,Takamatsu,JP
TAL,65.17,-152.11,Tanana,US
TAM,22.29,-97.87,Ciudad Madero,MX
TAO,36.36,120.09,Qingdao (Jiaozhou),CN
TAP,14.79,-92.37,Tapachula,MX
TAS,41.26,69.28,Tashkent,UZ
TAT,49.07,20.24,Poprad,SK
TAY,58.31,26.69,Tartu,EE
TAZ,41.76,59.84,Daşoguz,TM
TBB,13.05,109.33,Tuy Hoa,VN
TBG,-5.28,141.23,Tabubil,PG
TBH,12.31,122.08,Tablas Island,PH
TBI,24.32,-75.45,Cat Island,BS
TBJ,36.98,8.88,Tabarka,TN
TBM,-1.47,113.08,Tumbang Samba-Borneo Island,ID
TBN,37.74,-92.14,Fort Leonard Wood,US
TBO,-5.08,32.83,Tabora,TZ
TBP,-3.55,-80.38,Tumbes,PE
TBS,41.67,44.95,Tbilisi,GE
TBT,-4.26,-69.94,Tabatinga,BR
TBU,-21.24,-175.15,Nuku'alofa,TO
TBW,52.74,41.44,Tambov,RU
TBZ,38.13,46.24,Tabriz,IR
TCA,-19.63,134.18,Tennant Creek,AU
TCB,26.75,-77.39,Treasure Cay,BS
TCD,-2.9,-69.75,Tarapacá,CO
TCG,46.67,83.34,Tacheng,CN
TCI,28.29,-16.63,Tenerife,ES
TCO,1.81,-78.75,Tumaco,CO
TCP,29.59,34.78,Taba,EG
TCQ,-18.05,-70.28,Tacna,PE
TCR,8.72,78.03,Vagaikulam,IN
TCT,62.99,-156.03,Takotna,US
TCZ,24.94,98.49,Baoshan (Tengchong),CN
TDD,-14.82,-64.92,Trinidad,BO
TDK,45.12,78.44,Taldykorgan,KZ
TDS,-7.62,142.87,Sasereme,PG
TDX,12.27,102.32,Laem Ngop,TH
TEB,40.85,-74.06,Teterboro,US
TEE,35.43,8.12,Tébessi,DZ
TEF,-21.71,122.21,Telfer,AU
TEK,60.87,-146.69,Tatitlek,US
TEN,27.88,109.31,Tongren (Daxing),CN
TEQ,41.14,27.92,Çorlu,TR
TER,38.76,-27.09,Praia da Vitória,PT
TET,-16.1,33.64,Tete,MZ
TEX,37.95,-107.91,Telluride,US
TEZ,26.71,92.78,Tezpur Airport,IN
TFF,-3.38,-64.72,Tefé,BR
TFI,-9.08,149.32,Tufi,PG
TFL,-17.85,-41.5,Teofilo Otoni,BR
TFN,28.48,-16.34,Tenerife,ES
TFS,28.04,-16.57,Tenerife,ES
TFU,30.31,104.44,Chengdu (Jianyang),CN
TGC,2.18,111.2,Sarikei,MY
TGD,42.36,19.25,Podgorica,ME
TGG,5.38,103.1,Kuala Terengganu,MY
TGH,-16.89,168.55,Tongoa Island,VU
TGI,-9.3,-76.02,Tingo Maria,PE
TGJ,-21.1,167.8,Tiga,NC
TGK,47.21,38.92,Taganrog,RU
TGM,46.47,24.41,Recea,RO
TGO,43.56,122.2,Tongliao,CN
TGP,61.59,89.98,Bor,RU
TGQ,-14.66,-57.44,Tangará da Serra,BR
TGR,33.07,6.09,Touggourt,DZ
TGT,-5.09,39.07,Tanga,TZ
TGU,14.06,-87.22,Tegucigalpa,HN
TGZ,16.56,-93.03,Tuxtla Gutiérrez,MX
THD,19.9,105.47,Thanh Hóa,VN
THE,-5.06,-42.82,Teresina,BR
THG,-24.49,150.58,Biloela,AU
THL,20.48,99.94,Tachileik,MM
THN,58.32,12.35,Trollhättan,SE
THO,66.22,-15.33,Þórshöfn,IS
THQ,34.56,105.86,Tianshui (Maiji),CN
THR,35.69,51.31,Tehran,IR
THS,17.24,99.82,Sukhothai Airport,TH
THU,76.53,-68.7,Pituffik,GL
THX,65.8,87.94,Turukhansk,RU
TIA,41.41,19.72,Rinas,AL
TID,35.37,1.32,Tiaret,DZ
TIE,7.2,35.41,Tippi,ET
TIF,21.48,40.54,Taif,SA
TIH,-15.12,-148.23,Tuherahera,PF
TIJ,32.54,-116.97,Tijuana,MX
TIM,-4.53,136.89,Timika,ID
TIN,27.7,-8.17,Tindouf,DZ
TIQ,15.0,145.62,Tinian Island,MP
TIR,13.63,79.54,Tirupati,IN
TIU,-44.3,171.23,Timaru Airport,NZ
TIV,42.4,18.72,Tivat,ME
TIW,47.27,-122.58,Tacoma,US
TIZ,-5.84,142.95,Tari,PG
TJA,-21.56,-64.7,Tarija,BO
TJG,-2.22,115.44,Tanta-Tabalong,ID
TJH,35.51,134.79,Toyooka,JP
TJK,40.32,36.39,Tokat,TR
TJL,-20.75,-51.68,Três Lagoas,BR
TJM,57.18,65.33,Tyumen,RU
TJQ,-2.74,107.75,Tanjung Pandan,ID
TJS,2.84,117.37,Tanjung Selor-Borneo Island,ID
TJU,37.99,69.81,Kulob,TJ
TKD,4.9,-1.77,Sekondi-Takoradi,GH
TKF,39.32,-120.14,Truckee,US
TKG,-5.25,105.18,Bandar Lampung,ID
TKJ,63.33,-142.95,Tok,US
TKK,7.46,151.84,Weno Island,FM
TKM,56.36,114.93,Taksimo,RU
TKN,27.84,128.88,Amagi,JP
TKP,-14.71,-145.25,Takapoto Airport,PF
TKQ,-4.89,29.67,Kigoma,TZ
TKS,34.13,134.61,Tokushima,JP
TKU,60.51,22.26,Turku,FI
TKV,-17.36,-138.45,Tatakoto,PF
TKX,-14.46,-145.02,Takaroa Airport,PF
TLA,65.24,-166.34,Teller,US
TLC,19.34,-99.57,Toluca,MX
TLE,-23.38,43.73,Toliara,MG
TLH,30.4,-84.35,Tallahassee,US
TLI,1.12,120.79,Toli Toli-Celebes Island,ID
TLK,59.82,110.89,Talakan,RU
TLL,59.41,24.83,Tallinn,EE
TLM,35.01,-1.46,Zenata,DZ
TLN,43.1,6.15,"Hyères, Var",FR
TLQ,43.03,89.1,Turpan,CN
TLS,43.63,1.36,Toulouse/Blagnac,FR
TLT,61.09,-160.92,Tuluksak,US
TLU,9.51,-75.59,Santiago de Tolú,CO
TLV,32.01,34.89,Tel Aviv,IL
TLY,44.81,136.29,Plastun,RU
TMC,-9.41,119.24,Radamata,ID
TME,6.45,-71.76,Tame,CO
TMF,2.21,73.15,Thimarafushi,MV
TMG,5.4,118.66,Tomanggong,MY
TMH,-6.1,140.3,Tanah Merah,ID
TMI,27.32,87.19,Tumling Tar,NP
TMJ,37.29,67.31,Termez,UZ
TML,9.55,-0.87,Tamale,GH
TMM,-18.11,49.39,Toamasina,MG
TMP,61.41,23.6,Tampere / Pirkkala,FI
TMR,22.81,5.45,Tamanrasset,DZ
TMS,0.38,6.71,São Tomé,ST
TMT,-1.49,-56.4,Oriximiná,BR
TMU,9.73,-85.02,Tambor,CR
TMW,-31.08,150.85,Tamworth,AU
TMX,29.24,0.28,Timimoun,DZ
TNA,36.86,117.22,Jinan (Licheng),CN
TNC,65.56,-167.92,Tin City,US
TND,21.79,-80.0,Trinidad,CU
TNE,30.61,130.99,Tanegashima,JP
TNG,35.73,-5.92,Tangier,MA
TNH,42.05,125.73,Tonghua,CN
TNJ,0.92,104.53,Tanjung Pinang-Bintan Island,ID
TNK,60.57,-165.25,Tununak,US
TNN,22.95,120.21,Tainan (Rende),TW
TNR,-18.8,47.48,Antananarivo,MG
TOD,2.82,104.16,Tioman Island,MY
TOE,33.94,8.11,Tozeur,TN
TOF,56.38,85.21,Tomsk,RU
TOG,59.05,-160.4,Togiak Village,US
TOH,-13.17,166.75,Torres,VU
TOL,41.59,-83.81,Toledo,US
TOM,16.73,-3.01,Timbuktu,ML
TOS,69.68,18.92,Tromsø,NO
TOU,-20.79,165.26,Touho,NC
TOW,-24.69,-53.7,Toledo,BR
TOY,36.65,137.19,Toyama,JP
TPA,27.98,-82.53,Tampa,US
TPE,25.08,121.23,Taoyuan,TW
TPI,-8.36,146.99,Tapini,PG
TPJ,27.35,87.7,Taplejung,NP
TPP,-6.51,-76.37,Tarapoto,PE
TPQ,21.42,-104.84,Tepic,MX
TPS,37.91,12.49,Trapani (TP),IT
TQL,64.92,77.8,Tarko-Sale,RU
TQO,20.17,-87.66,Tulum,MX
TRA,24.65,124.68,Tarama,JP
TRC,25.56,-103.4,Torreón,MX
TRD,63.46,10.92,Trondheim,NO
TRE,56.5,-6.87,"Balemartine, Argyll and Bute",GB
TRF,59.19,10.26,Sandefjord(Torp),NO
TRG,-37.67,176.2,Tauranga,NZ
TRI,36.48,-82.41,Blountville,US
TRK,3.33,117.56,Tarakan,ID
TRN,45.2,7.65,Caselle Torinese (TO),IT
TRO,-31.89,152.51,Taree,AU
TRR,8.54,81.18,Trincomalee,LK
TRS,45.83,13.47,Ronchi dei Legionari/Trieste,IT
TRT,-3.18,119.92,Toraja,ID
TRU,-8.08,-79.11,Trujillo,PE
TRV,8.48,76.92,Thiruvananthapuram,IN
TRW,1.38,173.15,South Tarawa,KI
TRZ,10.76,78.72,Tiruchirappalli,IN
TSA,25.07,121.55,Taipei (Songshan),TW
TSF,45.65,12.19,Treviso (TV),IT
TSJ,34.28,129.33,Tsushima,JP
TSM,36.45,-105.68,Taos,US
TSN,39.12,117.35,Tianjin,CN
TSR,45.81,21.34,Timişoara,RO
TST,7.51,99.62,Trang,TH
TSV,-19.25,146.77,Townsville,AU
TTA,28.45,-11.16,Tan Tan,MA
TTE,0.83,127.38,Ternate,ID
TTJ,35.53,134.17,Tottori,JP
TTN,40.28,-74.81,Ewing Township,US
TTS,-16.75,47.62,Tsaratanana,MG
TTT,22.75,121.1,Taitung City,TW
TTU,35.59,-5.32,Tétouan,MA
TUA,0.81,-77.71,Tulcán,EC
TUB,-23.37,-149.52,Tubuai Airport,PF
TUC,-26.84,-65.1,San Miguel de Tucumán,AR
TUF,47.43,0.73,"Tours, Indre-et-Loire",FR
TUG,17.64,121.73,Tuguegarao City,PH
TUI,31.69,38.73,Turaif,SA
TUK,25.98,63.03,Turbat,PK
TUL,36.2,-95.89,Tulsa,US
TUN,36.85,10.23,Tunis,TN
TUO,-38.74,176.08,Taupo,NZ
TUP,34.27,-88.77,Tupelo,US
TUR,-3.79,-49.72,Tucuruí,BR
TUS,32.12,-110.94,Tucson,US
TUU,28.37,36.62,Tabuk,SA
TVC,44.74,-85.58,Traverse City,US
TVF,48.07,-96.18,Thief River Falls,US
TVS,39.72,118.0,Tangshan (Fengrun),CN
TVT,41.31,69.4,Tashkent,UZ
TVU,-16.69,-179.88,Matei,FJ
TVY,14.1,98.2,Dawei,MM
TWA,59.07,-160.27,Twin Hills,US
TWB,-27.56,151.95,Toowoomba,AU
TWC,39.89,79.23,Tumxuk,CN
TWF,42.48,-114.49,Twin Falls,US
TWT,5.05,119.74,Bongao,PH
TWU,4.31,118.12,Tawau,MY
TXE,4.72,96.85,Takengon,ID
TXF,-17.54,-39.74,Teixeira de Freitas,BR
TXG,24.15,120.65,Taichung,TW
TXK,33.45,-93.99,Texarkana,US
TXN,29.73,118.26,Huangshan,CN
TYD,55.28,124.73,Tynda,RU
TYF,60.16,12.99,Torsby,SE
TYL,-4.58,-81.25,Talara,PE
TYN,37.75,112.63,Taiyuan,CN
TYO,35.68,139.65,Tokyo,JP
TYR,32.35,-95.4,Tyler,US
TYS,35.81,-83.99,Knoxville/Maryville,US
TZA,17.52,-88.2,Belize City,BZ
TZL,44.46,18.72,Dubrave Gornje,BA
TZN,24.16,-77.59,Andros,BS
TZX,41.0,39.79,Trabzon,TR
UAH,-8.94,-139.55,Ua Huka,PF
UAI,-9.3,125.29,Suai,TL
UAK,61.17,-45.32,Narsarsuaq,GL
UAP,-9.35,-140.08,Ua Pou,PF
UAQ,-31.57,-68.42,San Juan,AR
UAR,32.51,-1.98,Bouarfa,MA
UAS,0.47,37.55,Samburu,KE
UBA,-19.77,-47.96,Uberaba,BR
UBB,-9.95,142.2,Mabuiag Island,AU
UBJ,33.93,131.28,Ube,JP
UBN,47.65,106.82,Ulaanbaatar (Sergelen),MN
UBP,15.25,104.87,Ubon Ratchathani,TH
UBS,33.47,-88.38,Columbus,US
UBU,-14.3,126.65,Kalumburu,AU
UCB,41.13,113.11,Ulanqab,CN
UCT,63.57,53.8,Ukhta,RU
UDI,-18.88,-48.23,Uberlândia,BR
UDJ,48.62,22.29,Uzhhorod,UA
UDR,24.62,73.9,Udaipur,IN
UEL,-17.86,36.87,Quelimane,MZ
UEO,26.36,126.71,Kumejima,JP
UET,30.25,66.94,Quetta,PK
UFA,54.56,55.87,Ufa,RU
UGA,48.85,103.48,Bulgan,MN
UGC,41.58,60.64,Urgench,UZ
UGU,-3.74,137.03,Bilogai,ID
UIB,5.69,-76.64,Quibdó,CO
UIH,13.96,109.04,Quy Nohn,VN
UII,16.11,-86.88,Utila Island,HN
UIK,57.98,102.74,Ust-Ilimsk,RU
UIN,39.94,-91.19,Quincy,US
UIO,-0.13,-78.35,Quito,EC
UIP,48.0,-4.1,Quimper,FR
UIT,5.91,169.64,Jabor Jaluit Atoll,MH
UJE,8.93,165.76,Ujae Atoll,MH
UKA,-4.3,39.57,Ukunda,KE
UKB,34.63,135.22,Kobe,JP
UKE,20.1,83.18,Bhawanipatna,IN
UKG,70.01,135.65,Ust-Kuyga,RU
UKK,50.04,82.5,Ust-Kamenogorsk (Oskemen),KZ
UKX,56.86,105.73,Ust-Kut,RU
ULG,48.99,89.92,Ölgii,MN
ULH,26.48,38.12,Al-Ula,SA
ULK,60.72,114.83,Lensk,RU
ULO,50.07,91.94,Ulaangom,MN
ULP,-26.61,144.25,Quilpie Airport,AU
ULU,2.81,32.27,Gulu,UG
ULV,54.27,48.23,Ulyanovsk,RU
ULY,54.4,48.8,Cherdakly,RU
ULZ,47.71,96.53,Uliastai,MN
UMB,-12.44,25.47,Kalumbila,ZM
UME,63.79,20.28,Umeå,SE
UMS,60.36,134.44,Ust-Maya,RU
UMU,-23.8,-53.31,Umuarama,BR
UNA,-15.35,-39.0,Una,BR
UNG,-6.13,141.28,Kiunga,PG
UNI,12.6,-61.41,Union Island,VC
UNK,63.89,-160.8,Unalakleet,US
UNN,9.78,98.59,Ranong,TH
UOL,1.1,121.41,Buol,ID
UPG,-5.08,119.55,Makassar,ID
UPN,19.4,-102.04,Uruapan,MX
URA,51.15,51.54,Uralsk,KZ
URC,43.91,87.48,Ürümqi,CN
URE,58.23,22.51,Kuressaare,EE
URG,-29.78,-57.04,Uruguaiana,BR
URJ,60.1,64.83,Uray,RU
URS,51.75,36.19,Kursk,RU
URT,9.13,99.14,Surat Thani,TH
URY,31.41,37.28,Gurayat,SA
USA,35.39,-80.71,Concord,US
USH,-54.84,-68.3,Ushuaia,AR
USJ,46.19,80.83,Usharal,KZ
USK,66.0,57.37,Usinsk,RU
USM,9.55,100.06,Na Thon (Ko Samui Island),TH
USN,35.59,129.35,Ulsan,KR
USR,64.55,143.12,Ust-Nera,RU
UST,29.96,-81.34,St Augustine,US
USU,12.12,120.1,Coron,PH
UTH,17.39,102.79,Udon Thani,TH
UTK,11.22,169.85,Utirik Island,MH
UTN,-28.4,21.26,Upington,ZA
UTO,65.99,-153.7,Utopia Creek,US
UTP,12.68,101.0,Rayong,TH
UTS,65.43,52.2,Ust-Tsilma,RU
UTT,-31.55,28.67,Mthatha,ZA
UUA,54.64,52.8,Bugulma,RU
UUD,51.81,107.44,Ulan Ude,RU
UUS,46.89,142.72,Yuzhno-Sakhalinsk,RU
UVE,-20.64,166.57,Ouvéa,NC
UVF,13.73,-60.95,Vieux Fort,LC
UVI,-26.23,-51.07,União da Vitória,BR
UYL,12.05,24.96,Nyala,SD
UYN,38.36,109.59,Yulin,CN
UYU,-20.44,-66.86,Quijarro,BO
UZR,47.09,81.67,Urzhar,KZ
VAA,63.05,21.76,Vaasa,FI
VAG,-21.55,-45.43,Varginha,BR
VAI,-2.69,141.3,Vanimo,PG
VAK,61.54,-165.6,Chevak,US
VAL,-13.3,-38.99,Valença,BR
VAM,3.47,72.83,Maamigili,MV
VAN,38.47,43.33,Van,TR
VAO,-7.59,158.73,Suavanao,SB
VAQ,60.36,102.31,Vanavara,RU
VAR,43.23,27.83,Varna,BG
VAS,39.81,36.9,Sivas,TR
VAV,-18.59,-173.96,Vava'u Island,TO
VAW,70.36,31.04,Vardø,NO
VBA,19.78,94.03,Ann,MM
VBS,45.43,10.33,Montichiari (BS),IT
VBV,-17.27,-178.98,Vanua Balavu,FJ
VBY,57.66,18.35,Visby,SE
VCA,10.08,105.71,Can Tho,VN
VCE,45.51,12.35,Venezia (VE),IT
VCL,15.4,108.71,Tam Nghĩa,VN
VCP,-23.01,-47.13,Campinas,BR
VCS,8.73,106.63,Con Dao,VN
VCT,28.85,-96.92,Victoria,US
VDC,-14.91,-40.91,Vitória da Conquista,BR
VDE,27.81,-17.89,El Hierro Island,ES
VDH,17.52,106.59,Dong Hoi,VN
VDM,-40.87,-63.0,Viedma / Carmen de Patagones,AR
VDO,21.12,107.42,Van Don,VN
VDS,70.07,29.84,Vadsø,NO
VDY,15.18,76.63,Vidyanagar,IN
VDZ,61.13,-146.25,Valdez,US
VEE,67.01,-146.37,Venetie,US
VEL,40.44,-109.51,Vernal,US
VEO,60.37,93.01,Severo-Yeniseysk,RU
VER,19.14,-96.19,Veracruz,MX
VFA,-18.1,25.84,Victoria Falls,ZW
VGA,16.53,80.8,Vijayawada,IN
VGD,59.22,39.9,Vologda,RU
VGO,42.23,-8.63,Vigo,ES
VGZ,1.07,-76.72,Villagarzon,CO
VHC,-9.75,20.55,Saurimo,AO
VHM,64.58,16.83,Vilhelmina,SE
VHV,63.46,120.27,Verkhnevilyuisk,RU
VIE,48.11,16.57,Vienna,AT
VIG,8.62,-71.67,El Vigía,VE
VII,18.74,105.67,Vinh,VN
VIJ,18.45,-64.43,Spanish Town,VG
VIL,23.72,-15.93,Dakhla,EH
VIN,49.23,28.48,Vinnytsia,UA
VIT,42.88,-2.72,Alava,ES
VIX,-20.26,-40.28,Vitória,BR
VJB,-24.89,33.75,Xai-Xai,MZ
VKG,9.96,105.13,Rach Gia,VN
VKO,55.59,37.26,Moscow,RU
VKT,67.49,63.99,Vorkuta,RU
VLC,39.49,-0.48,Valencia,ES
VLD,30.78,-83.28,Valdosta,US
VLI,-17.7,168.32,Port Vila,VU
VLL,41.71,-4.85,Valladolid,ES
VLN,10.15,-67.93,Valencia,VE
VLS,-16.8,168.18,Epi Island,VU
VLV,9.34,-70.58,Valera,VE
VLY,53.27,-4.43,Anglesey,GB
VMU,-7.5,144.82,Baimuru,PG
VNO,54.63,25.29,Vilnius,LT
VNS,25.45,82.86,Varanasi,IN
VNX,-22.02,35.31,Vilanculo,MZ
VOG,48.78,44.34,Volgograd,RU
VOL,39.22,22.79,Nea Anchialos,GR
VOZ,51.81,39.23,Voronezh,RU
VPE,-17.04,15.68,Ngiva,AO
VPN,65.72,-14.85,Vopnafjörður,IS
VPS,30.48,-86.52,Valparaiso,US
VPY,-19.15,33.43,Chimoio,MZ
VQS,18.13,-65.49,Vieques,PR
VRA,23.03,-81.44,Matanzas,CU
VRB,27.66,-80.42,Vero Beach,US
VRC,13.58,124.21,Virac,PH
VRL,41.27,-7.72,Vila Real,PT
VRN,45.39,10.89,Caselle (VR),IT
VSA,17.99,-92.82,Villahermosa,MX
VSE,40.73,-7.89,Viseu,PT
VST,59.59,16.63,Stockholm / Västerås,SE
VSV,27.5,82.03,Shravasti,IN
VTB,55.19,30.21,Vitebsk,BY
VTE,17.99,102.57,Vientiane,LA
VTU,20.99,-76.94,Las Tunas,CU
VTZ,17.97,83.5,Visakhapatnam,IN
VUP,10.44,-73.25,Valledupar,CO
VUS,60.79,46.26,Velikiy Ustyug,RU
VVC,4.17,-73.61,Villavicencio,CO
VVI,-17.64,-63.14,Santa Cruz,BO
VVO,43.4,132.15,Artyom,RU
VVZ,26.72,8.62,Illizi,DZ
VXC,-13.27,35.27,Lichinga,MZ
VXE,16.83,-25.06,São Pedro,CV
VXO,56.93,14.73,Växjö,SE
VYI,63.76,121.69,Vilyuisk,RU
WAA,65.62,-168.09,Wales,US
WAE,20.5,45.2,Wadi Al Dawasir,SA
WAG,-39.96,175.02,Wanganui,NZ
WAS,38.9,-77.04,Washington,US
WAW,52.17,20.97,Warsaw,PL
WBB,63.52,-162.28,Stebbins,US
WBM,-5.64,143.89,Wapenamanda,PG
WBQ,66.36,-147.41,Beaver,US
WCA,-42.47,-73.8,Castro,CL
WDH,-22.48,17.47,Windhoek,NA
WDN,48.71,-123.02,Eastsound,US
WDS,32.59,110.91,Shiyan (Maojian),CN
WEF,36.65,119.12,Weifang (Kuiwen),CN
WEH,37.19,122.23,Weihai,CN
WEI,-12.68,141.92,Weipa,AU
WGA,-35.16,147.47,Forest Hill,AU
WGE,-30.03,148.13,Walgett Airport,AU
WGN,26.81,110.64,Shaoyang (Wugang),CN
WGP,-9.67,120.3,Waingapu-Sumba Island,ID
WHA,31.1,118.67,Wuhu,CN
WHK,-37.92,176.92,Whakatāne,NZ
WIC,58.46,-3.09,Wick,GB
WIL,-1.32,36.81,Nairobi,KE
WIN,-22.36,143.09,Winton Airport,AU
WJR,1.73,40.09,Wajir,KE
WJU,37.44,127.96,Wonju,KR
WKA,-44.72,169.25,Wanaka,NZ
WKJ,45.4,141.8,Wakkanai,JP
WKK,59.28,-158.62,Aleknagik,US
WLG,-41.33,174.81,Wellington,NZ
WLH,-15.41,167.69,Walaha,VU
WLK,66.6,-159.99,Selawik,US
WLS,-13.24,-176.2,Wallis Island,WF
WMI,52.45,20.65,Nowy Dwór Mazowiecki,PL
WMN,-15.44,49.69,Maroantsetra,MG
WMO,64.69,-163.41,White Mountain,US
WMT,27.96,106.44,Zunyi,CN
WMX,-4.1,138.95,Wamena,ID
WNA,60.69,-161.98,Napakiak,US
WNH,23.56,104.33,Wenshan,CN
WNI,-5.29,123.64,Wangi-wangi Island,ID
WNN,52.89,-89.29,Wunnumin Lake,CA
WNP,13.58,123.27,Naga,PH
WNR,-25.41,142.67,Windorah,AU
WNS,26.22,68.39,Nawabashah,PK
WNZ,27.91,120.85,Wenzhou (Longwan),CN
WOL,-34.43,150.89,Wollongong,AU
WOS,39.17,127.49,Wonsan,KP
WRE,-35.77,174.36,Whangarei,NZ
WRG,56.48,-132.37,Wrangell,US
WRO,51.1,16.88,Wrocław,PL
WRY,59.35,-2.95,"Westray, Orkney Islands",GB
WSK,31.07,109.71,Wushan,CN
WSN,58.7,-157.01,South Naknek,US
WST,41.35,-71.8,Westerly,US
WSZ,-41.74,171.58,Westport,NZ
WTA,-17.48,43.97,Tambohorano,MG
WTB,-27.56,151.79,Toowoomba,AU
WTE,9.46,170.24,Wotje,MH
WTK,67.56,-162.98,Noatak,US
WTL,60.35,-162.65,Tuntutuliak,US
WTO,10.17,166.0,Wotho Island,MH
WUA,39.79,106.8,Wuhai,CN
WUH,30.77,114.21,Wuhan (Huangpi),CN
WUN,-26.63,120.22,Wiluna Airport,AU
WUS,27.7,118.0,Wuyishan,CN
WUT,38.6,112.97,Xinzhou,CN
WUU,7.73,27.98,Wau,SS
WUX,31.5,120.43,Wuxi,CN
WUZ,23.4,111.09,Tangbu,CN
WVB,-22.98,14.65,Walvis Bay(Rooikop),NA
WWK,-3.58,143.67,Wewak,PG
WWT,60.81,-164.5,Mertarvik,US
WXN,30.8,108.43,Wanzhou,CN
WYA,-33.06,137.51,Whyalla,AU
WYS,44.69,-111.12,West Yellowstone,US
XAI,32.54,114.08,Xinyang,CN
XAP,-27.13,-52.66,Chapecó,BR
XBE,53.97,-91.03,Bearskin Lake,CA
XBJ,32.9,59.28,Birjand,IR
XCH,-10.45,105.69,Flying Fish Cove,CX
XCR,48.77,4.21,Chalons en Champagne,FR
XFN,32.15,112.29,Xiangyang (Xiangzhou),CN
XGR,58.71,-65.99,Kangiqsualujjuaq,CA
XIC,27.99,102.18,Liangshan (Xichang),CN
XIL,43.92,115.96,Xilinhot,CN
XIY,34.44,108.76,Xi'an,CN
XKH,19.45,103.16,Xieng Khouang,LA
XKS,53.52,-88.64,Kasabonika,CA
XLB,58.61,-101.47,Lac Brochet,CA
XMH,-14.44,-146.07,Manihi Airport,PF
XMN,24.54,118.13,Xiamen,CN
XMS,-2.3,-78.12,Macas,EC
XMY,-9.9,142.77,Yam Island,AU
XNA,36.28,-94.31,Fayetteville/Springdale/Rogers,US
XNH,31.04,46.26,Nasiriyah,IQ
XNN,36.53,102.04,Haidong (Huzhu Tu Autonomous County),CN
XNT,37.07,114.5,Xingtai,CN
XPK,55.75,-101.27,Pukatawagan,CA
XPL,14.38,-87.62,Palmerola,HN
XQP,9.44,-84.13,Quepos,CR
XQU,49.34,-124.39,Qualicum Beach,CA
XRY,36.74,-6.06,Jerez de la Frontera,ES
XSC,21.52,-71.53,South Caicos,TC
XSI,56.79,-98.91,South Indian Lake,CA
XSP,1.42,103.87,Seletar,SG
XTG,-27.99,143.81,Thargomindah,AU
XTL,58.71,-98.51,Tadoule Lake,CA
XUZ,34.06,117.56,Xuzhou,CN
XWA,48.26,-103.75,Williston,US
XYA,-9.09,159.22,Yandina,SB
YAA,52.45,-125.3,Anahim Lake,CA
YAB,73.01,-85.05,Arctic Bay,CA
YAC,51.73,-91.82,Cat Lake,CA
YAE,60.25,90.2,Yartsevo,RU
YAG,48.66,-93.44,Fort Frances,CA
YAK,59.51,-139.66,Yakutat,US
YAL,50.58,-126.92,Alert Bay,CA
YAM,46.48,-84.51,Sault Ste Marie,CA
YAO,3.85,11.5,Yaounde,CM
YAP,9.5,138.08,Yap Island,FM
YAS,-16.76,177.54,Yasawa Island,FJ
YAT,52.93,-82.43,Attawapiskat,CA
YAX,53.85,-89.58,Angling Lake,CA
YAY,51.39,-56.08,St. Anthony,CA
YAZ,49.08,-125.78,Tofino,CA
YBB,68.54,-89.81,Kugaaruk,CA
YBC,49.13,-68.2,Baie-Comeau,CA
YBE,59.56,-108.48,Uranium City,CA
YBG,48.33,-70.99,Saguenay,CA
YBI,53.47,-55.79,Black Tickle,CA
YBK,64.3,-96.08,Baker Lake,CA
YBL,49.95,-125.27,Campbell River,CA
YBP,28.86,104.53,Yibin (Cuiping),CN
YBR,49.91,-99.95,Brandon,CA
YBT,57.89,-101.68,Brochet,CA
YBV,52.36,-97.02,Berens River,CA
YBX,51.44,-57.19,Blanc-Sablon,CA
YBY,54.3,-110.74,Bonnyville,CA
YCB,69.11,-105.14,Cambridge Bay,CA
YCD,49.05,-123.87,Nanaimo,CA
YCG,49.3,-117.63,Castlegar,CA
YCK,67.02,-126.13,Colville Lake,CA
YCL,47.98,-66.33,Charlo,CA
YCM,43.19,-79.17,Niagara-on-the-Lake,CA
YCO,67.82,-115.14,Kugluktuk,CA
YCR,54.61,-97.76,Cross Lake,CA
YCS,63.35,-90.73,Chesterfield Inlet,CA
YCU,35.12,111.03,Yuncheng (Yanhu),CN
YCY,70.49,-68.52,Clyde River,CA
YDA,64.04,-139.13,Dawson City,CA
YDF,49.21,-57.4,Deer Lake,CA
YDL,58.42,-130.03,Dease Lake,CA
YDN,51.1,-100.05,Dauphin,CA
YDP,56.55,-61.68,Nain,CA
YDQ,55.73,-120.18,Dawson Creek,CA
YDV,51.78,-96.69,Bloodvein River,CA
YEA,53.55,-113.49,Edmonton,CA
YEG,53.31,-113.58,Edmonton,CA
YEI,40.26,29.56,Yenişehir,TR
YEK,61.09,-94.07,Arviat,CA
YER,56.02,-87.68,Fort Severn,CA
YEV,68.3,-133.48,Inuvik,CA
YFA,52.2,-81.7,Fort Albany,CA
YFB,63.76,-68.56,Iqaluit,CA
YFC,45.87,-66.53,Fredericton,CA
YFH,51.56,-87.91,Fort Hope,CA
YFJ,64.19,-114.08,Wekweètì,CA
YFO,54.68,-101.68,Flin Flon,CA
YFS,61.76,-121.24,Fort Simpson,CA
YFX,52.37,-55.67,St. Lewis,CA
YGH,66.24,-128.65,Fort Good Hope,CA
YGJ,35.49,133.24,Yonago,JP
YGK,44.23,-76.49,Kingston,CA
YGL,53.63,-77.7,La Grande Rivière,CA
YGO,54.56,-94.49,Gods Lake Narrows,CA
YGP,48.77,-64.48,Gaspé,CA
YGR,47.43,-61.78,Les Îles-de-la-Madeleine,CA
YGT,69.36,-81.82,Igloolik,CA
YGV,50.28,-63.61,Havre-Saint-Pierre,CA
YGW,55.28,-77.77,Kuujjuarapik,CA
YGX,56.36,-94.71,Gillam,CA
YGZ,76.43,-82.91,Grise Fiord,CA
YHA,52.53,-56.29,Port Hope Simpson,CA
YHD,49.78,-92.83,Dryden,CA
YHG,52.77,-56.11,Charlottetown,CA
YHI,70.76,-117.81,Ulukhaktok,CA
YHK,68.64,-95.85,Gjoa Haven,CA
YHM,43.17,-79.93,Hamilton,CA
YHO,55.45,-60.23,Hopedale,CA
YHP,52.11,-94.26,Poplar Hill,CA
YHR,50.47,-59.64,Chevery,CA
YHU,45.52,-73.42,Montréal,CA
YHY,60.84,-115.78,Hay River,CA
YHZ,44.88,-63.51,Halifax,CA
YIA,-7.91,110.06,Yogyakarta,ID
YIC,27.8,114.31,Yichun,CN
YIE,47.31,119.91,Arxan,CN
YIF,51.21,-58.66,St-Augustin,CA
YIH,30.55,111.48,Yichang (Xiaoting),CN
YIK,62.42,-77.93,Ivujivik,CA
YIN,43.96,81.33,Ili (Yining / Ghulja),CN
YIO,72.69,-77.97,Pond Inlet,CA
YIV,53.86,-94.65,Island Lake,CA
YIW,29.34,120.03,Yiwu/Jinhua,CN
YKA,50.7,-120.45,Kamloops,CA
YKF,43.46,-80.38,Breslau,CA
YKG,60.03,-70.0,Kangirsuk,CA
YKH,40.54,122.36,Yingkou (Laobian),CN
YKL,54.81,-66.81,Schefferville,CA
YKM,46.57,-120.54,Yakima,US
YKO,37.55,44.24,Hakkari,TR
YKQ,51.47,-78.76,Waskaganish,CA
YKS,62.09,129.77,Yakutsk,RU
YKU,53.81,-78.92,Chisasibi,CA
YLC,62.85,-69.88,Kimmirut,CA
YLE,63.13,-117.25,Whatì,CA
YLH,52.2,-87.93,Lansdowne House,CA
YLK,44.49,-79.55,Barrie,CA
YLL,53.31,-110.07,Lloydminster,CA
YLW,49.96,-119.38,Kelowna,CA
YLX,22.43,110.12,Yulin,CN
YMH,52.3,-55.85,Mary's Harbour,CA
YMM,56.65,-111.22,Fort McMurray,CA
YMN,55.08,-59.19,Makkovik,CA
YMO,51.29,-80.61,Moosonee,CA
YMP,50.57,-127.03,Port McNeill,CA
YMQ,45.51,-73.55,Montreal,CA
YMS,-5.89,-76.12,Yurimaguas,PE
YMT,49.77,-74.53,Chibougamau,CA
YMX,45.68,-74.04,Montréal,CA
YNA,50.19,-61.79,Natashquan,CA
YNB,24.14,38.06,Yanbu,SA
YNC,53.01,-78.83,Wemindji,CA
YND,45.52,-75.56,Gatineau,CA
YNE,53.96,-97.84,Norway House,CA
YNJ,42.88,129.45,Yanji,CN
YNL,58.28,-104.08,Points North Landing,CA
YNO,52.49,-92.97,North Spirit Lake,CA
YNP,55.91,-61.18,Natuashish,CA
YNS,51.69,-76.14,Nemiscau,CA
YNT,37.66,120.98,Yantai,CN
YNY,38.06,128.67,Gonghang-ro,KR
YNZ,33.43,120.21,Yancheng (Tinghu),CN
YOC,67.57,-139.84,Old Crow,CA
YOG,51.66,-85.9,Ogoki Post,CA
YOH,54.93,-95.28,Oxford House,CA
YOJ,58.62,-117.17,High Level,CA
YOL,9.26,12.43,Yola,NG
YON,27.26,91.51,Yongphulla,BT
YOW,45.32,-75.67,Ottawa,CA
YPA,53.21,-105.67,Prince Albert,CA
YPC,69.36,-124.08,Paulatuk,CA
YPE,56.23,-117.45,Peace River,CA
YPH,58.47,-78.08,Inukjuak,CA
YPJ,59.3,-69.6,Aupaluk,CA
YPL,51.45,-90.21,Pickle Lake,CA
YPM,51.82,-93.97,Pikangikum,CA
YPN,49.84,-64.29,Port-Menier,CA
YPO,54.99,-85.44,Peawanuck,CA
YPQ,44.23,-78.36,Peterborough,CA
YPR,54.29,-130.45,Prince Rupert,CA
YPW,49.83,-124.5,Powell River,CA
YPX,60.05,-77.29,Puvirnituq,CA
YPY,58.77,-111.12,Fort Chipewyan,CA
YPZ,54.38,-125.95,Burns Lake,CA
YQA,44.98,-79.31,Gravenhurst,CA
YQB,46.79,-71.39,Quebec,CA
YQC,61.05,-69.62,Quaqtaq,CA
YQD,53.97,-101.09,The Pas,CA
YQF,52.27,-113.81,Red Deer,CA
YQG,42.28,-82.96,Windsor,CA
YQH,60.12,-128.82,Watson Lake,CA
YQK,49.79,-94.36,Kenora,CA
YQL,49.63,-112.8,Lethbridge,CA
YQM,46.11,-64.68,Moncton,CA
YQN,50.18,-86.7,Nakina,CA
YQQ,49.71,-124.89,Comox,CA
YQR,50.43,-104.66,Regina,CA
YQT,48.37,-89.32,Thunder Bay,CA
YQU,55.18,-118.89,Grande Prairie,CA
YQX,48.94,-54.57,Gander,CA
YQY,46.16,-60.05,Sydney,CA
YQZ,53.03,-122.51,Quesnel,CA
YRA,64.12,-117.31,Gamètì,CA
YRB,74.72,-94.97,Resolute Bay,CA
YRF,53.68,-57.04,Cartwright,CA
YRG,54.18,-58.46,Rigolet,CA
YRJ,48.52,-72.27,Roberval,CA
YRL,51.07,-93.79,Red Lake,CA
YRO,45.46,-75.64,Ottawa,CA
YRS,54.17,-93.56,Red Sucker Lake,CA
YRT,62.81,-92.12,Rankin Inlet,CA
YSB,46.62,-80.8,Sudbury,CA
YSF,59.25,-105.84,Stony Rapids,CA
YSG,62.42,-110.68,Lutselk'e,CA
YSJ,45.32,-65.89,Saint John,CA
YSK,56.54,-79.25,Sanikiluaq,CA
YSM,60.02,-111.96,Fort Smith,CA
YSO,54.91,-59.79,Postville,CA
YSQ,44.93,124.55,Qian Gorlos Mongol Autonomous County,CN
YST,53.85,-94.85,St. Theresa Point,CA
YSY,71.99,-125.24,Sachs Harbour,CA
YTE,64.23,-76.53,Kinngait,CA
YTH,55.8,-97.86,Thompson,CA
YTL,53.82,-89.9,Big Trout Lake,CA
YTM,46.52,-74.76,Mont Tremblant,CA
YTO,43.65,-79.38,Toronto,CA
YTQ,58.67,-69.96,Tasiujaq,CA
YTS,48.57,-81.38,Timmins,CA
YTW,36.81,81.78,Hotan (Yutian),CN
YTY,32.56,119.72,Yangzhou,CN
YTZ,43.63,-79.4,Toronto,CA
YUD,56.54,-76.52,Umiujaq,CA
YUL,45.47,-73.74,Montréal,CA
YUM,32.65,-114.61,Yuma,US
YUS,32.84,97.04,Yushu (Batang),CN
YUT,66.52,-86.23,Repulse Bay,CA
YUX,68.78,-81.24,Sanirajak,CA
YUY,48.21,-78.84,Rouyn-Noranda,CA
YVB,48.07,-65.46,Bonaventure,CA
YVC,55.15,-105.26,La Ronge,CA
YVM,67.55,-64.03,Qikiqtarjuaq,CA
YVO,48.05,-77.78,Val-d'Or,CA
YVP,58.1,-68.43,Kuujjuaq,CA
YVQ,65.28,-126.8,Norman Wells,CA
YVR,49.19,-123.18,Vancouver,CA
YVV,44.75,-81.11,Wiarton,CA
YVZ,52.66,-94.06,Deer Lake,CA
YWB,61.59,-71.93,Kangiqsujuaq,CA
YWG,49.91,-97.24,Winnipeg,CA
YWJ,65.21,-123.44,Déline,CA
YWK,52.92,-66.86,Wabush,CA
YWL,52.18,-122.05,Williams Lake,CA
YWM,52.57,-55.78,Williams Harbour,CA
YWP,52.96,-87.37,Webequie,CA
YXC,49.61,-115.78,Cranbrook,CA
YXE,52.17,-106.7,Saskatoon,CA
YXH,50.02,-110.72,Medicine Hat,CA
YXJ,56.24,-120.74,Fort Saint John,CA
YXL,50.11,-91.91,Sioux Lookout,CA
YXN,62.24,-92.6,Whale Cove,CA
YXP,66.14,-65.71,Pangnirtung,CA
YXS,53.88,-122.67,Prince George,CA
YXT,54.47,-128.58,Terrace,CA
YXU,43.03,-81.15,London,CA
YXX,49.03,-122.36,Abbotsford,CA
YXY,60.71,-135.07,Whitehorse,CA
YYA,29.31,113.28,Yueyang (Yueyanglou),CN
YYB,46.36,-79.42,North Bay,CA
YYC,51.12,-114.01,Calgary,CA
YYD,54.82,-127.18,Smithers,CA
YYE,58.84,-122.6,Fort Nelson,CA
YYF,49.46,-119.6,Penticton,CA
YYG,46.29,-63.13,Charlottetown,CA
YYH,69.55,-93.58,Taloyoak,CA
YYJ,48.65,-123.43,Victoria,CA
YYL,56.86,-101.08,Lynn Lake,CA
YYQ,58.74,-94.07,Churchill,CA
YYR,53.32,-60.43,Goose Bay,CA
YYT,47.62,-52.75,St. John's,CA
YYU,49.41,-82.47,Kapuskasing,CA
YYY,48.61,-68.21,Mont-Joli,CA
YYZ,43.68,-79.63,Toronto,CA
YZF,62.46,-114.44,Yellowknife,CA
YZG,62.18,-75.67,Salluit,CA
YZP,53.25,-131.81,Sandspit,CA
YZR,42.97,-82.41,Sarnia,CA
YZS,64.19,-83.36,Coral Harbour,CA
YZT,50.68,-127.37,Port Hardy,CA
YZU,54.14,-115.79,Whitecourt,CA
YZV,50.22,-66.27,Sept-Îles,CA
YZY,38.8,100.68,Zhangye (Ganzhou),CN
YZZ,49.06,-117.61,Trail,CA
ZAD,44.1,15.35,Zadar,HR
ZAG,45.74,16.07,Velika Gorica,HR
ZAH,29.48,60.91,Zahedan,IR
ZAL,-39.65,-73.09,Valdivia,CL
ZAM,6.92,122.06,Zamboanga,PH
ZAR,11.09,7.72,Zaria,NG
ZAT,27.21,103.69,Zhaotong,CN
ZAZ,41.67,-1.04,Zaragoza,ES
ZBF,47.63,-65.74,South Tetagouche,CA
ZBL,-24.4,150.52,Biloela,AU
ZBR,25.44,60.38,Konarak,IR
ZCL,22.89,-102.69,Zacatecas,MX
ZCO,-38.93,-72.65,Temuco,CL
ZDY,24.51,52.34,Delma Island,AE
ZEL,52.19,-128.16,Bella Bella,CA
ZEM,52.23,-78.52,Eastmain River,CA
ZER,27.63,93.83,Zero,IN
ZFD,59.33,-107.18,Fond-du-Lac,CA
ZFL,43.09,81.22,Zhaosu,CN
ZFM,67.41,-134.86,Fort Mcpherson,CA
ZFN,64.91,-125.57,Tulita,CA
ZGI,54.84,-94.08,Gods River,CA
ZGS,50.26,-60.67,Le Golfe-du-Saint-Laurent,CA
ZHA,21.48,110.59,Zhanjiang,CN
ZHY,37.57,105.15,Zhongwei (Shapotou),CN
ZIA,55.55,38.15,Moscow,RU
ZIG,12.56,-16.28,Ziguinchor,SN
ZIH,17.6,-101.46,Ixtapa,MX
ZIX,66.8,123.36,Zhigansk,RU
ZKE,52.28,-81.68,Kashechewan,CA
ZKP,65.75,150.89,Zyryanka,RU
ZLO,19.14,-104.56,Manzanillo,MX
ZLT,50.83,-58.98,La Tabatière,CA
ZMT,54.03,-132.12,Masset,CA
ZND,13.78,8.98,Zinder,NE
ZNE,-23.42,119.8,Newman,AU
ZNZ,-6.22,39.22,Zanzibar,TZ
ZOS,-40.61,-73.06,Osorno,CL
ZPB,53.89,-92.2,Sachigo Lake,CA
ZPC,-39.29,-71.92,Pucon,CL
ZQN,-45.02,168.75,Queenstown,NZ
ZQZ,40.74,114.93,Zhangjiakou,CN
ZRH,47.46,8.55,Zurich,CH
ZRJ,52.94,-91.31,Round Lake,CA
ZSA,24.06,-74.52,San Salvador,BS
ZSE,-21.32,55.42,Saint-Pierre,RE
ZSJ,53.06,-93.34,Sandy Lake,CA
ZTB,50.67,-59.38,Tête-à-la-Baleine,CA
ZTH,37.75,20.88,Zakynthos,GR
ZTM,55.86,-92.08,Shamattawa,CA
ZUH,22.01,113.38,Zhuhai (Jinwan),CN
ZUM,53.56,-64.11,Churchill Falls,CA
ZVK,16.57,104.77,Savannakhet,LA
ZWL,58.11,-103.17,Wollaston Lake,CA
ZYI,27.81,107.25,Zunyi,CN
ZYL,24.96,91.86,Sylhet,BD
ZZO,50.67,142.75,Zonalnoye,RU
